{
    "model": "OnlineEncDecAD",
    "online": true,
    "normality": 1,
    "datasets": [
        "ECG/MBA_ECG803_data.out"
    ],
    "series_length": 80000,
    "window": 125,
    "AUC": 0.6770503864827949,
    "Precision": 0.248571894891464,
    "Recall": 0.414421768707483,
    "F": 0.3107529075698837,
    "Precision@k": 0.0,
    "Rprecision": 0.07223835769435757,
    "Rrecall": 0.3382675736961451,
    "Rf": 0.11905257447702706,
    "ExistenceReward": 1.0,
    "OverlapReward": 0.17283446712018136,
    "RAUC": 0.6176495038558781,
    "Accuracy": 0.91555,
    "confusion_matrix": [
        [
            71721,
            4604
        ],
        [
            2152,
            1523
        ]
    ],
    "time": 534.4462230205536,
    "ablation": true,
    "use_increm_learn": true,
    "use_drift_detect": false,
    "use_dynamic_thrs": true,
    "increm_idxs": [
        999,
        1999,
        2999,
        3999,
        4999,
        5999,
        6999,
        7999,
        8999,
        9999,
        10999,
        11999,
        12999,
        13999,
        14999,
        15999,
        16999,
        17999,
        18999,
        19999,
        20999,
        21999,
        22999,
        23999,
        24999,
        25999,
        26999,
        27999,
        28999,
        29999,
        30999,
        31999,
        32999,
        33999,
        34999,
        35999,
        36999,
        37999,
        38999,
        39999,
        40999,
        41999,
        42999,
        43999,
        44999,
        45999,
        46999,
        47999,
        48999,
        49999,
        50999,
        51999,
        52999,
        53999,
        54999,
        55999,
        56999,
        57999,
        58999,
        59999,
        60999,
        61999,
        62999,
        63999,
        64999,
        65999,
        66999,
        67999,
        68999,
        69999,
        70999,
        71999,
        72999,
        73999,
        74999,
        75999,
        76999,
        77999,
        78999
    ],
    "drift_idxs": [
        0
    ],
    "ks_significance": 0.001,
    "percentile": 92
}