{
    "model": "OnlineEncDecAD",
    "online": true,
    "normality": 1,
    "datasets": [
        "ECG/MBA_ECG803_data.out"
    ],
    "series_length": 80000,
    "window": 125,
    "AUC": 0.7151635393757897,
    "Precision": 0.23836245376865195,
    "Recall": 0.5085714285714286,
    "F": 0.3245918721778395,
    "Precision@k": 0.0,
    "Rprecision": 0.059008282783498886,
    "Rrecall": 0.3920653061224491,
    "Rf": 0.10257794303313272,
    "ExistenceReward": 1.0,
    "OverlapReward": 0.2400816326530613,
    "RAUC": 0.643892482291047,
    "Accuracy": 0.902775,
    "confusion_matrix": [
        [
            70353,
            5972
        ],
        [
            1806,
            1869
        ]
    ],
    "time": 1013.3884725570679,
    "ablation": true,
    "use_increm_learn": false,
    "use_drift_detect": true,
    "use_dynamic_thrs": true,
    "increm_idxs": [],
    "drift_idxs": [
        0,
        7636,
        8037,
        9041,
        9844,
        10446,
        10847,
        11248,
        13056,
        14663,
        16069,
        16872,
        17474,
        17875,
        18477,
        18878,
        19279,
        19680,
        20282,
        20884,
        21486,
        21887,
        22489,
        22890,
        23492,
        24094,
        24495,
        24896,
        25498,
        25899,
        26300,
        26701,
        27102,
        27503,
        28105,
        28506,
        29309,
        29710,
        30312,
        30713,
        31315,
        31917,
        32519,
        32920,
        33522,
        33923,
        34324,
        35127,
        35528,
        36130,
        36531,
        37133,
        37534,
        37935,
        38336,
        39541,
        40143,
        40544,
        41146,
        41547,
        41948,
        42349,
        43152,
        43553,
        43954,
        44355,
        44957,
        45358,
        45960,
        46361,
        46762,
        47163,
        47765,
        48568,
        48969,
        49370,
        49771,
        50373,
        50774,
        51175,
        51777,
        52178,
        52579,
        52980,
        53582,
        54586,
        54987,
        55388,
        55789,
        56190,
        56591,
        57394,
        57996,
        58397,
        58798,
        59400,
        59801,
        60403,
        61005,
        61607,
        62008,
        62409,
        63011,
        63412,
        64014,
        64415,
        66022,
        66624,
        67025,
        67426,
        68028,
        68429,
        68830,
        69231,
        70436,
        70837,
        71640,
        72041,
        72643,
        73044,
        73445,
        74047,
        74850,
        75251,
        75652,
        76455,
        76856,
        77257,
        77658,
        78461,
        78862,
        79263,
        79664
    ],
    "ks_significance": 0.001,
    "percentile": 92
}