{
    "model": "OnlineEncDecAD",
    "online": true,
    "normality": 1,
    "datasets": [
        "IOPS/KPI-1c6d7a26-1f1a-3321-bb4d-7a9d969ec8f0.test.out"
    ],
    "series_length": 80000,
    "window": 125,
    "AUC": 0.764926789293327,
    "Precision": 0.023866121517543026,
    "Recall": 0.6587926509186351,
    "F": 0.04606349788952102,
    "Precision@k": 0.0,
    "Rprecision": 0.0,
    "Rrecall": 0.0,
    "Rf": 0.0,
    "ExistenceReward": 0.0,
    "OverlapReward": 0.0,
    "RAUC": 0.7657455957048801,
    "Accuracy": 0.87005,
    "confusion_matrix": [
        [
            69353,
            10266
        ],
        [
            130,
            251
        ]
    ],
    "time": 509.0981707572937,
    "ablation": true,
    "use_increm_learn": true,
    "use_drift_detect": false,
    "use_dynamic_thrs": true,
    "increm_idxs": [
        999,
        1999,
        2999,
        3999,
        4999,
        5999,
        6999,
        7999,
        8999,
        9999,
        10999,
        11999,
        12999,
        13999,
        14999,
        15999,
        16999,
        17999,
        18999,
        19999,
        20999,
        21999,
        22999,
        23999,
        24999,
        25999,
        26999,
        27999,
        28999,
        29999,
        30999,
        31999,
        32999,
        33999,
        34999,
        35999,
        36999,
        37999,
        38999,
        39999,
        40999,
        41999,
        42999,
        43999,
        44999,
        45999,
        46999,
        47999,
        48999,
        49999,
        50999,
        51999,
        52999,
        53999,
        54999,
        55999,
        56999,
        57999,
        58999,
        59999,
        60999,
        61999,
        62999,
        63999,
        64999,
        65999,
        66999,
        67999,
        68999,
        69999,
        70999,
        71999,
        72999,
        73999,
        74999,
        75999,
        76999,
        77999,
        78999
    ],
    "drift_idxs": [
        0
    ],
    "ks_significance": 0.001,
    "percentile": 92
}