{
    "model": "OnlineEncDecAD",
    "online": true,
    "normality": 1,
    "datasets": [
        "IOPS/KPI-1c6d7a26-1f1a-3321-bb4d-7a9d969ec8f0.test.out"
    ],
    "series_length": 80000,
    "window": 125,
    "AUC": 0.7323428352462988,
    "Precision": 0.013343072802532262,
    "Recall": 0.7191601049868767,
    "F": 0.026200038248231024,
    "Precision@k": 0.0,
    "Rprecision": 0.0,
    "Rrecall": 0.0,
    "Rf": 0.0,
    "ExistenceReward": 0.0,
    "OverlapReward": 0.0,
    "RAUC": 0.548439468417906,
    "Accuracy": 0.7454,
    "confusion_matrix": [
        [
            59358,
            20261
        ],
        [
            107,
            274
        ]
    ],
    "time": 1306.2169728279114,
    "ablation": true,
    "use_increm_learn": false,
    "use_drift_detect": true,
    "use_dynamic_thrs": true,
    "increm_idxs": [],
    "drift_idxs": [
        0,
        601,
        1002,
        1403,
        1804,
        2205,
        2606,
        3007,
        3408,
        3809,
        4210,
        4812,
        5414,
        6217,
        6819,
        7421,
        7822,
        8223,
        8624,
        9025,
        9426,
        9827,
        10228,
        10830,
        11231,
        11632,
        12033,
        12635,
        13036,
        13638,
        14039,
        15043,
        15444,
        15845,
        16447,
        16848,
        17450,
        17851,
        18252,
        19055,
        19456,
        19857,
        20459,
        20860,
        21261,
        22265,
        22666,
        23067,
        23669,
        24070,
        24471,
        24872,
        25273,
        25674,
        26276,
        26677,
        27078,
        27479,
        27880,
        28482,
        28883,
        29284,
        29886,
        30890,
        31291,
        31893,
        32294,
        32695,
        33096,
        33497,
        34099,
        34500,
        34901,
        35302,
        35703,
        36104,
        36505,
        36906,
        37307,
        38110,
        38511,
        39515,
        39916,
        40317,
        40919,
        41320,
        41922,
        42323,
        42724,
        43125,
        43727,
        44128,
        45132,
        45734,
        46135,
        46536,
        47138,
        47941,
        48342,
        48743,
        49144,
        49545,
        49946,
        50548,
        50949,
        51350,
        51952,
        52353,
        52955,
        53356,
        53757,
        54158,
        54559,
        54960,
        55361,
        55762,
        56163,
        56564,
        56965,
        57366,
        57767,
        58168,
        58569,
        58970,
        59371,
        60174,
        60575,
        60976,
        61377,
        61778,
        62380,
        62982,
        63383,
        63784,
        64185,
        64586,
        64987,
        65388,
        65789,
        66391,
        66792,
        67193,
        67594,
        68196,
        68597,
        68998,
        69399,
        69800,
        70201,
        71004,
        71606,
        72007,
        72408,
        73010,
        73411,
        73812,
        74213,
        74614,
        75216,
        75818,
        76219,
        76620,
        77021,
        77422,
        77823,
        78224,
        78826,
        79428,
        79829
    ],
    "ks_significance": 0.001,
    "percentile": 92
}