{
    "model": "OnlineEncDecAD",
    "online": true,
    "normality": 1,
    "datasets": [
        "MGAB/1.test.out"
    ],
    "series_length": 80000,
    "window": 49,
    "AUC": 0.5079385964912281,
    "Precision": 0.002560992047445747,
    "Recall": 0.665,
    "F": 0.005102334413902902,
    "Precision@k": 0.0,
    "Rprecision": 0.0,
    "Rrecall": 0.0,
    "Rf": 0.0,
    "ExistenceReward": 0.0,
    "OverlapReward": 0.0,
    "RAUC": 0.6581845554046986,
    "Accuracy": 0.3516625,
    "confusion_matrix": [
        [
            28000,
            51800
        ],
        [
            67,
            133
        ]
    ],
    "time": 443.7659215927124,
    "ablation": true,
    "use_increm_learn": true,
    "use_drift_detect": true,
    "use_dynamic_thrs": false,
    "increm_idxs": [
        2203,
        3207,
        4211,
        5211,
        6622,
        7622,
        9435,
        10435,
        11846,
        12846,
        13846,
        15262,
        17070,
        18070,
        19481,
        20481,
        21691,
        22691,
        23691,
        24906,
        25906,
        28522,
        29727,
        30727,
        32138,
        33343,
        34343,
        35343,
        36357,
        37357,
        38357,
        40175,
        41179,
        42786,
        43786,
        44786,
        45786,
        47207,
        48211,
        49211,
        50220,
        51626,
        53032,
        54032,
        55032,
        56448,
        57448,
        58448,
        60466,
        61872,
        62876,
        63880,
        65286,
        66286,
        67295,
        68299,
        69906,
        70906,
        71906,
        73322,
        74322,
        75934,
        76934,
        78546,
        79546
    ],
    "drift_idxs": [
        0,
        400,
        1203,
        2207,
        3211,
        5622,
        8435,
        10846,
        14262,
        16070,
        18481,
        20691,
        23906,
        26719,
        27522,
        28727,
        31138,
        32343,
        35357,
        39175,
        40179,
        41786,
        46207,
        47211,
        49220,
        50626,
        52032,
        55448,
        58663,
        59466,
        60872,
        61876,
        62880,
        64286,
        66295,
        67299,
        68906,
        72322,
        74934,
        77546,
        79555
    ],
    "ks_significance": 0.001,
    "percentile": 92
}