{
    "model": "OnlineEncDecAD",
    "online": true,
    "normality": 1,
    "datasets": [
        "MITDB/100.test.csv@1.out"
    ],
    "series_length": 80000,
    "window": 285,
    "AUC": 0.48811130292227584,
    "Precision": 0.00985663082437276,
    "Recall": 0.07418111753371869,
    "F": 0.017401129943502826,
    "Precision@k": 0.0,
    "Rprecision": 0.0171473109898675,
    "Rrecall": 0.21001582219378248,
    "Rf": 0.03170590725245993,
    "ExistenceReward": 1.0,
    "OverlapReward": 0.012519777742228075,
    "RAUC": 0.5092896378266774,
    "Accuracy": 0.8913,
    "confusion_matrix": [
        [
            71227,
            7735
        ],
        [
            961,
            77
        ]
    ],
    "time": 784.0038123130798,
    "ablation": true,
    "use_increm_learn": true,
    "use_drift_detect": false,
    "use_dynamic_thrs": true,
    "increm_idxs": [
        999,
        1999,
        2999,
        3999,
        4999,
        5999,
        6999,
        7999,
        8999,
        9999,
        10999,
        11999,
        12999,
        13999,
        14999,
        15999,
        16999,
        17999,
        18999,
        19999,
        20999,
        21999,
        22999,
        23999,
        24999,
        25999,
        26999,
        27999,
        28999,
        29999,
        30999,
        31999,
        32999,
        33999,
        34999,
        35999,
        36999,
        37999,
        38999,
        39999,
        40999,
        41999,
        42999,
        43999,
        44999,
        45999,
        46999,
        47999,
        48999,
        49999,
        50999,
        51999,
        52999,
        53999,
        54999,
        55999,
        56999,
        57999,
        58999,
        59999,
        60999,
        61999,
        62999,
        63999,
        64999,
        65999,
        66999,
        67999,
        68999,
        69999,
        70999,
        71999,
        72999,
        73999,
        74999,
        75999,
        76999,
        77999,
        78999
    ],
    "drift_idxs": [
        0
    ],
    "ks_significance": 0.001,
    "percentile": 92
}