{
    "model": "OnlineEncDecAD",
    "online": true,
    "normality": 1,
    "datasets": [
        "NAB/NAB_data_Traffic_1.out"
    ],
    "series_length": 2000,
    "window": 91,
    "AUC": 0.6159931452255698,
    "Precision": 0.2178988326848249,
    "Recall": 0.34146341463414637,
    "F": 0.26603325415676965,
    "Precision@k": 0.0,
    "Rprecision": 0.0,
    "Rrecall": 0.0,
    "Rf": 0.0,
    "ExistenceReward": 0.0,
    "OverlapReward": 0.0,
    "RAUC": 0.6913500342567205,
    "Accuracy": 0.8455,
    "confusion_matrix": [
        [
            1635,
            201
        ],
        [
            108,
            56
        ]
    ],
    "time": 17.17816972732544,
    "ablation": true,
    "use_increm_learn": false,
    "use_drift_detect": true,
    "use_dynamic_thrs": true,
    "increm_idxs": [],
    "drift_idxs": [
        0,
        400,
        1203,
        1604
    ],
    "ks_significance": 0.001,
    "percentile": 92
}