{
    "model": "OnlineEncDecAD",
    "online": true,
    "normality": 1,
    "datasets": [
        "OPPORTUNITY/S1-ADL1.test.csv@16.out"
    ],
    "series_length": 40536,
    "window": 35,
    "AUC": 0.5422086829494237,
    "Precision": 0.020850257243433524,
    "Recall": 0.1746031746031746,
    "F": 0.03725205611998065,
    "Precision@k": 0.0,
    "Rprecision": 0.02865979381443299,
    "Rrecall": 0.20498866213151928,
    "Rf": 0.05028865067565269,
    "ExistenceReward": 1.0,
    "OverlapReward": 0.006235827664399092,
    "RAUC": 0.5506694085827909,
    "Accuracy": 0.9018156700217091,
    "confusion_matrix": [
        [
            36479,
            3616
        ],
        [
            364,
            77
        ]
    ],
    "time": 209.44137120246887,
    "ablation": true,
    "use_increm_learn": true,
    "use_drift_detect": false,
    "use_dynamic_thrs": true,
    "increm_idxs": [
        999,
        1999,
        2999,
        3999,
        4999,
        5999,
        6999,
        7999,
        8999,
        9999,
        10999,
        11999,
        12999,
        13999,
        14999,
        15999,
        16999,
        17999,
        18999,
        19999,
        20999,
        21999,
        22999,
        23999,
        24999,
        25999,
        26999,
        27999,
        28999,
        29999,
        30999,
        31999,
        32999,
        33999,
        34999,
        35999,
        36999,
        37999,
        38999,
        39999
    ],
    "drift_idxs": [
        0
    ],
    "ks_significance": 0.001,
    "percentile": 92
}