{
    "model": "OnlineEncDecAD",
    "online": true,
    "normality": 1,
    "datasets": [
        "SensorScope/stb-2.test.out"
    ],
    "series_length": 23643,
    "window": 13,
    "AUC": 0.6059105889616226,
    "Precision": 0.2849936948297604,
    "Recall": 0.29161290322580646,
    "F": 0.288265306122449,
    "Precision@k": 0.0,
    "Rprecision": 0.0,
    "Rrecall": 0.0,
    "Rf": 0.0,
    "ExistenceReward": 0.0,
    "OverlapReward": 0.0,
    "RAUC": 0.6065198383630949,
    "Accuracy": 0.8583936048724781,
    "confusion_matrix": [
        [
            19617,
            1701
        ],
        [
            1647,
            678
        ]
    ],
    "time": 121.25047063827515,
    "ablation": true,
    "use_increm_learn": true,
    "use_drift_detect": false,
    "use_dynamic_thrs": true,
    "increm_idxs": [
        999,
        1999,
        2999,
        3999,
        4999,
        5999,
        6999,
        7999,
        8999,
        9999,
        10999,
        11999,
        12999,
        13999,
        14999,
        15999,
        16999,
        17999,
        18999,
        19999,
        20999,
        21999,
        22999
    ],
    "drift_idxs": [
        0
    ],
    "ks_significance": 0.001,
    "percentile": 92
}