{
    "model": "OnlineEncDecAD",
    "online": true,
    "normality": 1,
    "datasets": [
        "SMD/machine-1-1.test.csv@1.out"
    ],
    "series_length": 22784,
    "window": 279,
    "AUC": 0.48973064047716974,
    "Precision": 0.09523809523809523,
    "Recall": 0.07498144023756496,
    "F": 0.08390446521287642,
    "Precision@k": 0.07498144023756496,
    "Rprecision": 0.04361703723707504,
    "Rrecall": 0.24041711628072615,
    "Rf": 0.07383817884837168,
    "ExistenceReward": 0.625,
    "OverlapReward": 0.14427139535090766,
    "RAUC": 0.539503327239546,
    "Accuracy": 0.8063992275280899,
    "confusion_matrix": [
        [
            18171,
            1919
        ],
        [
            2492,
            202
        ]
    ],
    "time": 207.02252101898193,
    "ablation": true,
    "use_increm_learn": true,
    "use_drift_detect": false,
    "use_dynamic_thrs": true,
    "increm_idxs": [
        999,
        1999,
        2999,
        3999,
        4999,
        5999,
        6999,
        7999,
        8999,
        9999,
        10999,
        11999,
        12999,
        13999,
        14999,
        15999,
        16999,
        17999,
        18999,
        19999,
        20999,
        21999
    ],
    "drift_idxs": [
        0
    ],
    "ks_significance": 0.001,
    "percentile": 92
}