{
    "model": "OnlineEncDecAD",
    "online": true,
    "normality": 2,
    "datasets": [
        "ECG/MBA_ECG803_data.out",
        "MGAB/1.test.out"
    ],
    "series_length": 90000,
    "window": 125,
    "AUC": 0.7117073643836418,
    "Precision": 0.11984055548411984,
    "Recall": 0.5010752688172043,
    "F": 0.19342118916675313,
    "Precision@k": 0.0,
    "Rprecision": 0.03326225011737379,
    "Rrecall": 0.3715884773662551,
    "Rf": 0.06105889423350619,
    "ExistenceReward": 0.9259259259259259,
    "OverlapReward": 0.23300411522633743,
    "RAUC": 0.6336576899188556,
    "Accuracy": 0.9136333333333333,
    "confusion_matrix": [
        [
            81295,
            6845
        ],
        [
            928,
            932
        ]
    ],
    "time": 707.801805973053,
    "ablation": true,
    "use_increm_learn": false,
    "use_drift_detect": true,
    "use_dynamic_thrs": true,
    "increm_idxs": [],
    "drift_idxs": [
        0,
        400,
        801,
        1202,
        2005,
        2406,
        2807,
        3610,
        4212,
        4613,
        5014,
        5415,
        5816,
        6217,
        7020,
        7622,
        8023,
        8424,
        9026,
        9427,
        10029,
        10430,
        11032,
        11433,
        11834,
        12235,
        12636,
        13037,
        13639,
        14040,
        14642,
        15043,
        15444,
        16046,
        16648,
        17049,
        17450,
        17851,
        18252,
        19055,
        19858,
        20460,
        20861,
        21262,
        21663,
        22064,
        22465,
        24675,
        25076,
        26884,
        27486,
        27887,
        28288,
        28890,
        29693,
        30094,
        30495,
        30896,
        31297,
        31899,
        32903,
        33505,
        33906,
        34508,
        34909,
        35511,
        35912,
        36313,
        36714,
        37115,
        37516,
        37917,
        38519,
        38920,
        39522,
        40124,
        43339,
        55599,
        86753
    ],
    "ks_significance": 0.001,
    "percentile": 92
}