{
    "model": "OnlineEncDecAD",
    "online": true,
    "normality": 2,
    "datasets": [
        "ECG/MBA_ECG803_data.out",
        "MGAB/1.test.out"
    ],
    "series_length": 90000,
    "window": 125,
    "AUC": 0.6008545788591464,
    "Precision": 0.03643464080336452,
    "Recall": 0.45645161290322583,
    "F": 0.06748271202607106,
    "Precision@k": 0.0,
    "Rprecision": 0.0,
    "Rrecall": 0.0,
    "Rf": 0.0,
    "ExistenceReward": 0.0,
    "OverlapReward": 0.0,
    "RAUC": 0.5380796227869902,
    "Accuracy": 0.7392888888888889,
    "confusion_matrix": [
        [
            65687,
            22453
        ],
        [
            1011,
            849
        ]
    ],
    "time": 1056.422857761383,
    "ablation": true,
    "use_increm_learn": true,
    "use_drift_detect": true,
    "use_dynamic_thrs": false,
    "increm_idxs": [
        23465,
        24465,
        26076,
        32899,
        41124,
        42731,
        44137,
        45137,
        46137,
        47553,
        48553,
        49562,
        50562,
        51562,
        52777,
        54183,
        55183,
        56192,
        57799,
        58799,
        59799,
        61416,
        62416,
        63416,
        64416,
        65416,
        66416,
        67416,
        69254,
        70254,
        72067,
        73473,
        74678,
        75682,
        77490,
        78695,
        79695,
        81106,
        82713,
        83713,
        85726,
        86726,
        87726,
        88941
    ],
    "drift_idxs": [
        0,
        400,
        801,
        1202,
        2005,
        2406,
        2807,
        3610,
        4212,
        4613,
        5014,
        5415,
        5816,
        6217,
        7020,
        7622,
        8023,
        8424,
        9026,
        9427,
        10029,
        10430,
        11032,
        11433,
        11834,
        12235,
        12636,
        13037,
        13639,
        14040,
        14642,
        15043,
        15444,
        16046,
        16648,
        17049,
        17450,
        17851,
        18252,
        19055,
        19858,
        20460,
        20861,
        21262,
        21663,
        22064,
        22465,
        24675,
        25076,
        26884,
        27486,
        27887,
        28288,
        28890,
        29693,
        30094,
        30495,
        30896,
        31297,
        31899,
        32903,
        33505,
        33906,
        34508,
        34909,
        35511,
        35912,
        36313,
        36714,
        37115,
        37516,
        37917,
        38519,
        38920,
        39522,
        40124,
        41731,
        43137,
        46553,
        48562,
        51777,
        53183,
        55192,
        56799,
        60416,
        68254,
        71067,
        72473,
        73678,
        74682,
        76490,
        77695,
        80106,
        81713,
        83923,
        84726,
        87941,
        89548
    ],
    "ks_significance": 0.001,
    "percentile": 92
}