{
    "model": "OnlineEncDecAD",
    "online": true,
    "normality": 2,
    "datasets": [
        "ECG/MBA_ECG803_data.out",
        "MGAB/1.test.out"
    ],
    "series_length": 90000,
    "window": 125,
    "AUC": 0.61012575301756,
    "Precision": 0.07832710549008336,
    "Recall": 0.29301075268817206,
    "F": 0.12361079609888864,
    "Precision@k": 0.0,
    "Rprecision": 0.03206967125370039,
    "Rrecall": 0.3117168724279835,
    "Rf": 0.05815618910467373,
    "ExistenceReward": 0.9259259259259259,
    "OverlapReward": 0.15816460905349794,
    "RAUC": 0.5747379882786501,
    "Accuracy": 0.9141333333333334,
    "confusion_matrix": [
        [
            81727,
            6413
        ],
        [
            1315,
            545
        ]
    ],
    "time": 665.6330327987671,
    "ablation": true,
    "use_increm_learn": true,
    "use_drift_detect": false,
    "use_dynamic_thrs": true,
    "increm_idxs": [
        999,
        1999,
        2999,
        3999,
        4999,
        5999,
        6999,
        7999,
        8999,
        9999,
        10999,
        11999,
        12999,
        13999,
        14999,
        15999,
        16999,
        17999,
        18999,
        19999,
        20999,
        21999,
        22999,
        23999,
        24999,
        25999,
        26999,
        27999,
        28999,
        29999,
        30999,
        31999,
        32999,
        33999,
        34999,
        35999,
        36999,
        37999,
        38999,
        39999,
        40999,
        41999,
        42999,
        43999,
        44999,
        45999,
        46999,
        47999,
        48999,
        49999,
        50999,
        51999,
        52999,
        53999,
        54999,
        55999,
        56999,
        57999,
        58999,
        59999,
        60999,
        61999,
        62999,
        63999,
        64999,
        65999,
        66999,
        67999,
        68999,
        69999,
        70999,
        71999,
        72999,
        73999,
        74999,
        75999,
        76999,
        77999,
        78999,
        79999,
        80999,
        81999,
        82999,
        83999,
        84999,
        85999,
        86999,
        87999,
        88999
    ],
    "drift_idxs": [
        0
    ],
    "ks_significance": 0.001,
    "percentile": 92
}