{
    "model": "OnlineEncDecAD",
    "online": true,
    "normality": 2,
    "datasets": [
        "MGAB/1.test.out",
        "OPPORTUNITY/S1-ADL1.test.csv@16.out"
    ],
    "series_length": 90000,
    "window": 49,
    "AUC": 0.603430945040187,
    "Precision": 0.01667382896433176,
    "Recall": 0.9797979797979798,
    "F": 0.0327896560466492,
    "Precision@k": 0.0,
    "Rprecision": 0.0,
    "Rrecall": 0.0,
    "Rf": 0.0,
    "ExistenceReward": 0.0,
    "OverlapReward": 0.0,
    "RAUC": 0.6138558533610416,
    "Accuracy": 0.237,
    "confusion_matrix": [
        [
            20166,
            68646
        ],
        [
            24,
            1164
        ]
    ],
    "time": 619.6465141773224,
    "ablation": true,
    "use_increm_learn": true,
    "use_drift_detect": true,
    "use_dynamic_thrs": false,
    "increm_idxs": [
        999,
        2405,
        3610,
        4610,
        5619,
        6824,
        7828,
        8828,
        10038,
        11042,
        12850,
        13854,
        14854,
        16466,
        17466,
        18466,
        19480,
        20480,
        21690,
        22690,
        23690,
        25106,
        26106,
        27316,
        28316,
        29316,
        30316,
        31737,
        32741,
        33741,
        34750,
        35750,
        37362,
        38362,
        39362,
        48200,
        52212,
        54820,
        55820,
        58834,
        61043,
        79699
    ],
    "drift_idxs": [
        0,
        1405,
        2610,
        4619,
        5824,
        6828,
        9038,
        10042,
        11850,
        12854,
        15466,
        18480,
        20690,
        24106,
        26316,
        30737,
        31741,
        33750,
        36362,
        40180,
        40581,
        40982,
        41383,
        41784,
        42185,
        42988,
        43590,
        43991,
        44593,
        44994,
        45395,
        45796,
        46197,
        46598,
        47200,
        48204,
        48605,
        49006,
        49608,
        50009,
        50410,
        50811,
        51212,
        52216,
        52617,
        53018,
        53419,
        53820,
        55829,
        56230,
        56631,
        57032,
        57433,
        57834,
        59642,
        60043,
        61650,
        62453,
        62854,
        63255,
        63656,
        64459,
        64860,
        65261,
        65662,
        66264,
        66866,
        67267,
        67668,
        68069,
        68470,
        68871,
        69272,
        69673,
        70074,
        70475,
        71278,
        71679,
        72080,
        72481,
        73083,
        73484,
        74287,
        74889,
        75290,
        75691,
        76092,
        76493,
        76894,
        77295,
        77897,
        78298,
        78699,
        79904,
        80305,
        80706,
        81308,
        81709,
        82110,
        82511,
        82912,
        83313,
        83915,
        84316,
        84717,
        85118,
        85720,
        86121,
        86723,
        87325,
        87726,
        88127,
        88528,
        88929,
        89531,
        89932
    ],
    "ks_significance": 0.001,
    "percentile": 92
}