{
    "model": "OnlineEncDecAD",
    "online": true,
    "normality": 2,
    "datasets": [
        "MGAB/1.test.out",
        "OPPORTUNITY/S1-ADL1.test.csv@16.out"
    ],
    "series_length": 90000,
    "window": 49,
    "AUC": 0.5091592864191162,
    "Precision": 0.015355279004415898,
    "Recall": 0.12878787878787878,
    "F": 0.027439024390243903,
    "Precision@k": 0.0,
    "Rprecision": 0.0,
    "Rrecall": 0.0,
    "Rf": 0.0,
    "ExistenceReward": 0.0,
    "OverlapReward": 0.0,
    "RAUC": 0.4915773634996726,
    "Accuracy": 0.8794888888888889,
    "confusion_matrix": [
        [
            79001,
            9811
        ],
        [
            1035,
            153
        ]
    ],
    "time": 370.1741659641266,
    "ablation": true,
    "use_increm_learn": false,
    "use_drift_detect": true,
    "use_dynamic_thrs": true,
    "increm_idxs": [],
    "drift_idxs": [
        0,
        2209,
        38991,
        40196,
        40597,
        41400,
        41801,
        42202,
        43005,
        43607,
        44008,
        44409,
        44810,
        45211,
        45612,
        46013,
        46414,
        46815,
        47216,
        48421,
        48822,
        49223,
        49624,
        50226,
        50627,
        51028,
        52233,
        52634,
        53035,
        53436,
        53837,
        55846,
        56247,
        56648,
        57049,
        57450,
        57851,
        59659,
        60060,
        62471,
        62872,
        63273,
        63674,
        64075,
        64476,
        64877,
        65278,
        65679,
        66281,
        66883,
        67284,
        67886,
        68287,
        68688,
        69290,
        69691,
        70092,
        70493,
        71497,
        71898,
        72299,
        72700,
        73503,
        73904,
        74305,
        74706,
        75107,
        75508,
        75909,
        76310,
        76711,
        77112,
        77513,
        77914,
        78315,
        78716,
        79720,
        80523,
        80924,
        81526,
        82128,
        82529,
        82930,
        83331,
        84134,
        84736,
        85137,
        86141,
        87547,
        88149,
        88550,
        88951,
        89553
    ],
    "ks_significance": 0.001,
    "percentile": 92
}