{
    "model": "OnlineEncDecAD",
    "online": true,
    "normality": 2,
    "datasets": [
        "MGAB/1.test.out",
        "OPPORTUNITY/S1-ADL1.test.csv@16.out"
    ],
    "series_length": 90000,
    "window": 49,
    "AUC": 0.5873322469390568,
    "Precision": 0.040436286246342115,
    "Recall": 0.2558922558922559,
    "F": 0.06983689409602574,
    "Precision@k": 0.0,
    "Rprecision": 0.09889048818519852,
    "Rrecall": 0.2573545701233171,
    "Rf": 0.14287872060331333,
    "ExistenceReward": 0.8,
    "OverlapReward": 0.12169321265414632,
    "RAUC": 0.5624439854391678,
    "Accuracy": 0.9100222222222222,
    "confusion_matrix": [
        [
            81598,
            7214
        ],
        [
            884,
            304
        ]
    ],
    "time": 507.37602949142456,
    "ablation": true,
    "use_increm_learn": true,
    "use_drift_detect": false,
    "use_dynamic_thrs": true,
    "increm_idxs": [
        999,
        1999,
        2999,
        3999,
        4999,
        5999,
        6999,
        7999,
        8999,
        9999,
        10999,
        11999,
        12999,
        13999,
        14999,
        15999,
        16999,
        17999,
        18999,
        19999,
        20999,
        21999,
        22999,
        23999,
        24999,
        25999,
        26999,
        27999,
        28999,
        29999,
        30999,
        31999,
        32999,
        33999,
        34999,
        35999,
        36999,
        37999,
        38999,
        39999,
        40999,
        41999,
        42999,
        43999,
        44999,
        45999,
        46999,
        47999,
        48999,
        49999,
        50999,
        51999,
        52999,
        53999,
        54999,
        55999,
        56999,
        57999,
        58999,
        59999,
        60999,
        61999,
        62999,
        63999,
        64999,
        65999,
        66999,
        67999,
        68999,
        69999,
        70999,
        71999,
        72999,
        73999,
        74999,
        75999,
        76999,
        77999,
        78999,
        79999,
        80999,
        81999,
        82999,
        83999,
        84999,
        85999,
        86999,
        87999,
        88999
    ],
    "drift_idxs": [
        0
    ],
    "ks_significance": 0.001,
    "percentile": 92
}