{
    "model": "OnlineEncDecAD",
    "online": true,
    "normality": 2,
    "datasets": [
        "Occupancy/room-occupancy.train.csv@3.out",
        "SVDB/801.test.csv@1.out"
    ],
    "series_length": 56515,
    "window": 125,
    "AUC": 0.5626952642144385,
    "Precision": 0.8471219310913968,
    "Recall": 0.1507065516608552,
    "F": 0.2558893182101458,
    "Precision@k": 0.1507065516608552,
    "Rprecision": 0.7150757253916373,
    "Rrecall": 0.2581071749040468,
    "Rf": 0.3793041888985521,
    "ExistenceReward": 0.9728682170542635,
    "OverlapReward": 0.07941691436649256,
    "RAUC": 0.7077651560091424,
    "Accuracy": 0.5774573122179952,
    "confusion_matrix": [
        [
            28529,
            741
        ],
        [
            23139,
            4106
        ]
    ],
    "time": 405.10833621025085,
    "ablation": true,
    "use_increm_learn": true,
    "use_drift_detect": false,
    "use_dynamic_thrs": true,
    "increm_idxs": [
        999,
        1999,
        2999,
        3999,
        4999,
        5999,
        6999,
        7999,
        8999,
        9999,
        10999,
        11999,
        12999,
        13999,
        14999,
        15999,
        16999,
        17999,
        18999,
        19999,
        20999,
        21999,
        22999,
        23999,
        24999,
        25999,
        26999,
        27999,
        28999,
        29999,
        30999,
        31999,
        32999,
        33999,
        34999,
        35999,
        36999,
        37999,
        38999,
        39999,
        40999,
        41999,
        42999,
        43999,
        44999,
        45999,
        46999,
        47999,
        48999,
        49999,
        50999,
        51999,
        52999,
        53999,
        54999,
        55999
    ],
    "drift_idxs": [
        0
    ],
    "ks_significance": 0.001,
    "percentile": 92
}