{
    "model": "OnlineEncDecAD",
    "online": true,
    "normality": 2,
    "datasets": [
        "Occupancy/room-occupancy.train.csv@3.out",
        "SVDB/801.test.csv@1.out"
    ],
    "series_length": 56515,
    "window": 125,
    "AUC": 0.5592462654763809,
    "Precision": 0.7296416938110749,
    "Recall": 0.18087722517893193,
    "F": 0.2898908791435042,
    "Precision@k": 0.0,
    "Rprecision": 0.0,
    "Rrecall": 0.0,
    "Rf": 0.0,
    "ExistenceReward": 0.0,
    "OverlapReward": 0.0,
    "RAUC": 0.6942437164161707,
    "Accuracy": 0.5728036804388216,
    "confusion_matrix": [
        [
            27444,
            1826
        ],
        [
            22317,
            4928
        ]
    ],
    "time": 462.4154896736145,
    "ablation": true,
    "use_increm_learn": false,
    "use_drift_detect": true,
    "use_dynamic_thrs": true,
    "increm_idxs": [],
    "drift_idxs": [
        0,
        802,
        1203,
        1604,
        2206,
        2607,
        3611,
        4012,
        4413,
        5216,
        5617,
        6621,
        7022,
        7825,
        8829,
        11039,
        13651,
        14253,
        16664,
        17467,
        18471,
        18872,
        20479,
        23694,
        25301,
        26506,
        29118,
        32936,
        34141,
        34743,
        36149,
        36550,
        38358,
        38960,
        41170,
        43179,
        43781,
        44584,
        45387,
        45989,
        46591,
        49404,
        49805,
        50608,
        52215,
        52616,
        53017,
        54021,
        54422,
        54823,
        56229
    ],
    "ks_significance": 0.001,
    "percentile": 92
}