{
    "model": "OnlineEncDecAD",
    "online": true,
    "normality": 2,
    "datasets": [
        "Occupancy/room-occupancy.train.csv@3.out",
        "SVDB/801.test.csv@1.out"
    ],
    "series_length": 56515,
    "window": 125,
    "AUC": 0.5044013617465879,
    "Precision": 0.9543726235741445,
    "Recall": 0.009212699577904203,
    "F": 0.01824923658572052,
    "Precision@k": 0.009212699577904203,
    "Rprecision": 0.9269581056466303,
    "Rrecall": 0.006436286741018097,
    "Rf": 0.01278380974539827,
    "ExistenceReward": 0.023255813953488372,
    "OverlapReward": 0.0022314049379005274,
    "RAUC": 0.6780590677998362,
    "Accuracy": 0.5221445633902504,
    "confusion_matrix": [
        [
            29258,
            12
        ],
        [
            26994,
            251
        ]
    ],
    "time": 619.7398269176483,
    "ablation": true,
    "use_increm_learn": true,
    "use_drift_detect": true,
    "use_dynamic_thrs": false,
    "increm_idxs": [
        3607,
        6617,
        8825,
        9829,
        12640,
        14247,
        15247,
        16247,
        19869,
        21476,
        22476,
        23476,
        24691,
        26498,
        27502,
        30513,
        31513,
        32513,
        34732,
        35732,
        37543,
        39952,
        40952,
        41952,
        42952,
        44373,
        45373,
        47586,
        48586,
        51603,
        52603,
        55820
    ],
    "drift_idxs": [
        0,
        802,
        1203,
        1604,
        2206,
        2607,
        3611,
        4012,
        4413,
        5216,
        5617,
        6621,
        7022,
        7825,
        8829,
        10235,
        11038,
        11640,
        13247,
        16261,
        16662,
        17264,
        17866,
        18468,
        18869,
        20476,
        23691,
        24896,
        25498,
        26502,
        27707,
        28309,
        29112,
        29513,
        33331,
        33732,
        35741,
        36142,
        36543,
        37748,
        38350,
        38952,
        43373,
        45382,
        45984,
        46586,
        49399,
        49800,
        50603,
        53014,
        53616,
        54419,
        54820,
        56226
    ],
    "ks_significance": 0.001,
    "percentile": 92
}