{
    "model": "OnlineEncDecAD",
    "online": true,
    "normality": 2,
    "datasets": [
        "SensorScope/stb-2.test.out",
        "SMD/machine-1-1.test.csv@1.out"
    ],
    "series_length": 52122,
    "window": 13,
    "AUC": 0.6822291964631592,
    "Precision": 0.3063143183839411,
    "Recall": 0.4803745766088862,
    "F": 0.37408844065166796,
    "Precision@k": 0.0,
    "Rprecision": 0.0,
    "Rrecall": 0.0,
    "Rf": 0.0,
    "ExistenceReward": 0.0,
    "OverlapReward": 0.0,
    "RAUC": 0.602974094936809,
    "Accuracy": 0.8452093166033536,
    "confusion_matrix": [
        [
            41643,
            5460
        ],
        [
            2608,
            2411
        ]
    ],
    "time": 487.4464280605316,
    "ablation": true,
    "use_increm_learn": true,
    "use_drift_detect": true,
    "use_dynamic_thrs": false,
    "increm_idxs": [
        10624,
        11624,
        12624,
        13624,
        14624,
        15624,
        16624,
        17624,
        18624,
        20070,
        21070,
        22079,
        23079,
        51561
    ],
    "drift_idxs": [
        0,
        400,
        801,
        1202,
        1603,
        2004,
        2405,
        2806,
        3207,
        3608,
        4009,
        4410,
        4811,
        5212,
        5613,
        6014,
        6415,
        6816,
        7418,
        7819,
        8220,
        8621,
        9223,
        9624,
        19070,
        21079,
        23691,
        24092,
        24493,
        24894,
        25496,
        25897,
        26499,
        26900,
        27301,
        27903,
        28304,
        28906,
        29307,
        29708,
        30109,
        30510,
        30911,
        31312,
        31713,
        32114,
        32515,
        32916,
        33317,
        33718,
        34119,
        34520,
        34921,
        35322,
        35723,
        36124,
        36525,
        36926,
        37327,
        37728,
        38129,
        38530,
        38931,
        39332,
        39733,
        40335,
        40736,
        41137,
        41538,
        41939,
        42340,
        42741,
        43142,
        43543,
        43944,
        44546,
        44947,
        45348,
        45749,
        46150,
        46551,
        46952,
        47353,
        47754,
        48155,
        48556,
        48957,
        49358,
        49759,
        50160,
        50561,
        51766
    ],
    "ks_significance": 0.001,
    "percentile": 92
}