{
    "model": "SAND",
    "online": true,
    "normality": 2,
    "datasets": [
        "Dodgers/101-freeway-traffic.test.out",
        "Genesis/genesis-anomalies.test.csv@1.out"
    ],
    "series_length": 66220,
    "window": 288,
    "AUC": 0.6814428276128099,
    "Precision": 0.9568965517241379,
    "Recall": 0.020647321428571428,
    "F": 0.04042243262927895,
    "Precision@k": 0.020647321428571428,
    "Rprecision": 0.47844827586206895,
    "Rrecall": 0.005674337089408486,
    "Rf": 0.0112156578703742,
    "ExistenceReward": 0.014814814814814815,
    "OverlapReward": 0.003389217658056903,
    "RAUC": 0.6853186138692225,
    "time": 11.146975040435791
}