{
    "model": "EncDec-AD-Batch",
    "online": true,
    "normality": 2,
    "datasets": [
        "Dodgers/101-freeway-traffic.test.out",
        "Occupancy/room-occupancy.train.csv@3.out"
    ],
    "series_length": 46522,
    "window": 288,
    "AUC": 0.6218647378415407,
    "Precision": 0.8946587537091988,
    "Recall": 0.11928783382789318,
    "F": 0.2105079420492233,
    "Precision@k": 0.11928783382789318,
    "Rprecision": 0.4333519013666072,
    "Rrecall": 0.10314735336194565,
    "Rf": 0.1666324838529306,
    "ExistenceReward": 0.10317460317460317,
    "OverlapReward": 0.10314054090878126,
    "RAUC": 0.7779593267127469,
    "time": 171.00278234481812
}