{
    "model": "EncDec-AD",
    "online": false,
    "normality": 2,
    "datasets": [
        "Dodgers/101-freeway-traffic.test.out",
        "MITDB/100.test.csv@1.out"
    ],
    "series_length": 90000,
    "window": 288,
    "AUC": 0.26945181904361115,
    "Precision": 0.043512658227848104,
    "Recall": 0.01148705096073517,
    "F": 0.018175809649702578,
    "Precision@k": 0.01148705096073517,
    "Rprecision": 0.03828853178698379,
    "Rrecall": 0.05170624805357995,
    "Rf": 0.043997136849326914,
    "ExistenceReward": 0.22321428571428573,
    "OverlapReward": 0.00882923863840351,
    "RAUC": 0.45811062738580166,
    "time": 249.37531161308289
}