{
    "model": "SAND",
    "online": true,
    "normality": 2,
    "datasets": [
        "Dodgers/101-freeway-traffic.test.out",
        "YAHOO/Yahoo_A1real_1_data.out"
    ],
    "series_length": 51420,
    "window": 288,
    "AUC": 0.7512884084618334,
    "Precision": 0.2507598784194529,
    "Recall": 0.030968468468468468,
    "F": 0.055128633478115606,
    "Precision@k": 0.030968468468468468,
    "Rprecision": 0.24357993197278913,
    "Rrecall": 0.021853177222666158,
    "Rf": 0.04010799886585865,
    "ExistenceReward": 0.029850746268656716,
    "OverlapReward": 0.01985378496116852,
    "RAUC": 0.8413313202465794,
    "time": 7.654194116592407
}