{
    "model": "EncDec-AD",
    "online": false,
    "normality": 2,
    "datasets": [
        "Dodgers/101-freeway-traffic.test.out",
        "Daphnet/S01R02E0.test.csv@1.out"
    ],
    "series_length": 68800,
    "window": 288,
    "AUC": 0.4165079100092377,
    "Precision": 0.0199501246882793,
    "Recall": 0.002677376171352075,
    "F": 0.00472115668338743,
    "Precision@k": 0.002677376171352075,
    "Rprecision": 0.031446540880503145,
    "Rrecall": 0.007037922037385274,
    "Rf": 0.011501696335720795,
    "ExistenceReward": 0.034482758620689655,
    "OverlapReward": 0.00017671289155917814,
    "RAUC": 0.4682024526451009,
    "time": 211.24972987174988
}