{
    "model": "EncDec-AD-Batch",
    "online": true,
    "normality": 2,
    "datasets": [
        "Dodgers/101-freeway-traffic.test.out",
        "SVDB/801.test.csv@1.out"
    ],
    "series_length": 80000,
    "window": 288,
    "AUC": 0.3074250011398323,
    "Precision": 0.7195767195767195,
    "Recall": 0.005475481117642322,
    "F": 0.010868262276741118,
    "Precision@k": 0.005475481117642322,
    "Rprecision": 0.5841584158415841,
    "Rrecall": 0.04286954638890966,
    "Rf": 0.07987715960006,
    "ExistenceReward": 0.19536423841059603,
    "OverlapReward": 0.004745873383488068,
    "RAUC": 0.6438202488965971,
    "time": 406.9406416416168
}