{
    "model": "SAND",
    "online": true,
    "normality": 2,
    "datasets": [
        "Dodgers/101-freeway-traffic.test.out",
        "OPPORTUNITY/S1-ADL1.test.csv@16.out"
    ],
    "series_length": 100000,
    "window": 288,
    "AUC": 0.6423695155162333,
    "Precision": 0.183585313174946,
    "Recall": 0.013170127052990394,
    "F": 0.024577128813069248,
    "Precision@k": 0.013170127052990394,
    "Rprecision": 0.2361111111111111,
    "Rrecall": 0.00500844974308529,
    "Rf": 0.009808832013418508,
    "ExistenceReward": 0.014925373134328358,
    "OverlapReward": 0.0025292188952745222,
    "RAUC": 0.6494856954527839,
    "time": 31.43480896949768
}