{
    "model": "EncDec-AD",
    "online": false,
    "normality": 2,
    "datasets": [
        "Dodgers/101-freeway-traffic.test.out",
        "SensorScope/stb-2.test.out"
    ],
    "series_length": 69553,
    "window": 288,
    "AUC": 0.42560414581824807,
    "Precision": 0.29896907216494845,
    "Recall": 0.0070679990251035826,
    "F": 0.013809523809523808,
    "Precision@k": 0.0070679990251035826,
    "Rprecision": 0.22033898305084745,
    "Rrecall": 0.005503788924578404,
    "Rf": 0.010739323149116128,
    "ExistenceReward": 0.025423728813559324,
    "OverlapReward": 0.000523803952333174,
    "RAUC": 0.6166182021696901,
    "time": 202.31753706932068
}