{
    "model": "EncDec-AD",
    "online": false,
    "normality": 2,
    "datasets": [
        "Dodgers/101-freeway-traffic.test.out",
        "ECG/MBA_ECG803_data.out"
    ],
    "series_length": 90000,
    "window": 288,
    "AUC": 0.45685280542975576,
    "Precision": 0.04354469060351413,
    "Recall": 0.008439443292863488,
    "F": 0.014138658067716732,
    "Precision@k": 0.008439443292863488,
    "Rprecision": 0.03960854581285193,
    "Rrecall": 0.04068088287032775,
    "Rf": 0.040137553331829924,
    "ExistenceReward": 0.176056338028169,
    "OverlapReward": 0.006837019080867431,
    "RAUC": 0.656265357122295,
    "time": 225.73152112960815
}