{
    "model": "SAND",
    "online": true,
    "normality": 2,
    "datasets": [
        "Dodgers/101-freeway-traffic.test.out",
        "KDD21/001_UCR_Anomaly_DISTORTED1sddb40_35000_52000_52620.out"
    ],
    "series_length": 100000,
    "window": 288,
    "AUC": 0.7659762638168963,
    "Precision": 0.5186335403726708,
    "Recall": 0.06271122793841533,
    "F": 0.11189279731993301,
    "Precision@k": 0.06271122793841533,
    "Rprecision": 0.3445626477541371,
    "Rrecall": 0.01583540482936508,
    "Rf": 0.030279236955646376,
    "ExistenceReward": 0.022727272727272728,
    "OverlapReward": 0.014112437854888167,
    "RAUC": 0.7863695754764155,
    "time": 29.053452491760254
}