{
    "model": "EncDec-AD-Batch",
    "online": true,
    "normality": 2,
    "datasets": [
        "Dodgers/101-freeway-traffic.test.out",
        "GHL/01_Lev_fault_Temp_corr_seed_11_vars_23.test.csv@4.out"
    ],
    "series_length": 80000,
    "window": 288,
    "AUC": 0.6666050190043187,
    "Precision": 0.04901293396868618,
    "Recall": 0.03222918531781558,
    "F": 0.03888738860383473,
    "Precision@k": 0.03222918531781558,
    "Rprecision": 0.012270984235193865,
    "Rrecall": 0.009009009009009009,
    "Rf": 0.010389985208701612,
    "ExistenceReward": 0.009009009009009009,
    "OverlapReward": 0.009009009009009009,
    "RAUC": 0.8319137676875041,
    "time": 353.19269347190857
}