{
    "model": "EncDec-AD-Batch",
    "online": true,
    "normality": 2,
    "datasets": [
        "ECG/MBA_ECG803_data.out",
        "MGAB/1.test.out"
    ],
    "series_length": 80000,
    "window": 125,
    "AUC": 0.6018635842864664,
    "Precision": 0.27494908350305497,
    "Recall": 0.13267813267813267,
    "F": 0.17898574743122306,
    "Precision@k": 0.13267813267813267,
    "Rprecision": 0.08960803689064557,
    "Rrecall": 0.2552787693905368,
    "Rf": 0.13265238894813547,
    "ExistenceReward": 0.8709677419354839,
    "OverlapReward": 0.1013565262543,
    "RAUC": 0.6176757591409417,
    "time": 297.10561776161194
}