{
    "model": "SAND",
    "online": true,
    "normality": 2,
    "datasets": [
        "ECG/MBA_ECG803_data.out",
        "SVDB/801.test.csv@1.out"
    ],
    "series_length": 100000,
    "window": 125,
    "AUC": 0.4115547280676517,
    "Precision": 0.8762057877813505,
    "Recall": 0.01919284406254402,
    "F": 0.03756289199807016,
    "Precision@k": 0.01919284406254402,
    "Rprecision": 0.8597601884010896,
    "Rrecall": 0.02882494004796163,
    "Rf": 0.05577976739165416,
    "ExistenceReward": 0.039568345323741004,
    "OverlapReward": 0.026139088729016786,
    "RAUC": 0.6176811883430162,
    "time": 68.71152234077454
}