{
    "model": "AE-LSTM",
    "online": true,
    "normality": 2,
    "datasets": [
        "ECG/MBA_ECG803_data.out",
        "SMD/machine-1-1.test.csv@1.out"
    ],
    "series_length": 78479,
    "window": 125,
    "AUC": 0.5598273483203793,
    "Precision": 0.17626042080190552,
    "Recall": 0.17692767483562463,
    "F": 0.17659341752013522,
    "Precision@k": 0.0,
    "Rprecision": 0.056510799643846865,
    "Rrecall": 0.29100791097377804,
    "Rf": 0.09464290266608488,
    "ExistenceReward": 0.8974358974358975,
    "OverlapReward": 0.1394009143582482,
    "RAUC": 0.5563593982559375,
    "Accuracy": 0.893119425908956,
    "confusion_matrix": [
        [
            68310,
            4150
        ],
        [
            4131,
            888
        ]
    ],
    "time": 2045.146593093872
}