{
    "model": "OnlineEncDecAD",
    "online": true,
    "normality": 2,
    "datasets": [
        "ECG/MBA_ECG803_data.out",
        "Genesis/genesis-anomalies.test.csv@1.out"
    ],
    "series_length": 56220,
    "window": 125,
    "AUC": 0.7079313413100428,
    "Precision": 0.14786773794808405,
    "Recall": 0.5172972972972973,
    "F": 0.22999279019466473,
    "Precision@k": 0.0,
    "Rprecision": 0.0,
    "Rrecall": 0.0,
    "Rf": 0.0,
    "ExistenceReward": 0.0,
    "OverlapReward": 0.0,
    "RAUC": 0.6295791925227353,
    "Accuracy": 0.8860192102454643,
    "confusion_matrix": [
        [
            48855,
            5515
        ],
        [
            893,
            957
        ]
    ],
    "time": 904.0070815086365,
    "use_increm_learn": true,
    "use_drift_detect": true,
    "increm_idxs": [
        23465,
        24465,
        26076,
        32899
    ],
    "drift_idxs": [
        0,
        400,
        801,
        1202,
        2005,
        2406,
        2807,
        3610,
        4212,
        4613,
        5014,
        5415,
        5816,
        6217,
        7020,
        7622,
        8023,
        8424,
        9026,
        9427,
        10029,
        10430,
        11032,
        11433,
        11834,
        12235,
        12636,
        13037,
        13639,
        14040,
        14642,
        15043,
        15444,
        16046,
        16648,
        17049,
        17450,
        17851,
        18252,
        19055,
        19858,
        20460,
        20861,
        21262,
        21663,
        22064,
        22465,
        24675,
        25076,
        26884,
        27486,
        27887,
        28288,
        28890,
        29693,
        30094,
        30495,
        30896,
        31297,
        31899,
        32903,
        33505,
        33906,
        34508,
        34909,
        35511,
        35912,
        36313,
        36714,
        37115,
        37516,
        37917,
        38519,
        38920,
        39522,
        40124,
        40525,
        40926,
        41528,
        41929,
        42330,
        42731,
        43132,
        43533,
        43934,
        44335,
        44937,
        45338,
        45739,
        46140,
        46541,
        46942,
        47343,
        47945,
        48346,
        48747,
        49148,
        49549,
        49950,
        50552,
        50953,
        51354,
        51755,
        52156,
        52557,
        53159,
        53560,
        53961,
        54362,
        54763,
        55164,
        55565,
        55966
    ],
    "ks_significance": 0.001,
    "percentile": 92
}