{
    "model": "OnlineEncDecAD",
    "online": true,
    "normality": 2,
    "datasets": [
        "ECG/MBA_ECG803_data.out",
        "OPPORTUNITY/S1-ADL1.test.csv@16.out"
    ],
    "series_length": 90000,
    "window": 125,
    "AUC": 0.6770320285153121,
    "Precision": 0.11115466018656424,
    "Recall": 0.4842896174863388,
    "F": 0.18080969078737646,
    "Precision@k": 0.0,
    "Rprecision": 0.0,
    "Rrecall": 0.0,
    "Rf": 0.0,
    "ExistenceReward": 0.0,
    "OverlapReward": 0.0,
    "RAUC": 0.6310608604151628,
    "Accuracy": 0.8572333333333333,
    "confusion_matrix": [
        [
            75733,
            11339
        ],
        [
            1510,
            1418
        ]
    ],
    "time": 1549.7496814727783,
    "use_increm_learn": true,
    "use_drift_detect": true,
    "increm_idxs": [
        23465,
        24465,
        26076,
        32899,
        46940,
        52156,
        55165,
        58777,
        60584,
        61584,
        87260
    ],
    "drift_idxs": [
        0,
        400,
        801,
        1202,
        2005,
        2406,
        2807,
        3610,
        4212,
        4613,
        5014,
        5415,
        5816,
        6217,
        7020,
        7622,
        8023,
        8424,
        9026,
        9427,
        10029,
        10430,
        11032,
        11433,
        11834,
        12235,
        12636,
        13037,
        13639,
        14040,
        14642,
        15043,
        15444,
        16046,
        16648,
        17049,
        17450,
        17851,
        18252,
        19055,
        19858,
        20460,
        20861,
        21262,
        21663,
        22064,
        22465,
        24675,
        25076,
        26884,
        27486,
        27887,
        28288,
        28890,
        29693,
        30094,
        30495,
        30896,
        31297,
        31899,
        32903,
        33505,
        33906,
        34508,
        34909,
        35511,
        35912,
        36313,
        36714,
        37115,
        37516,
        37917,
        38519,
        38920,
        39522,
        40124,
        40525,
        40926,
        41327,
        41728,
        42129,
        42932,
        43333,
        43935,
        44336,
        44737,
        45138,
        45539,
        45940,
        46944,
        47747,
        48148,
        48549,
        48950,
        49552,
        49953,
        50354,
        50755,
        51156,
        52160,
        52561,
        52962,
        53363,
        53764,
        54165,
        55772,
        56173,
        56574,
        56975,
        57376,
        57777,
        59183,
        59584,
        62196,
        62597,
        62998,
        63399,
        63800,
        64201,
        64602,
        65003,
        65404,
        65805,
        66206,
        66607,
        67008,
        67409,
        68212,
        68613,
        69014,
        69415,
        69816,
        70217,
        70618,
        71019,
        71420,
        72022,
        72423,
        72824,
        73426,
        73827,
        74228,
        74629,
        75030,
        75431,
        75832,
        76233,
        76634,
        77236,
        77637,
        78038,
        78439,
        79041,
        79442,
        79843,
        80244,
        80645,
        81046,
        81447,
        81848,
        82249,
        82650,
        83051,
        83452,
        83853,
        84455,
        84856,
        85257,
        85658,
        86260,
        87264,
        88067,
        88468,
        88869,
        89270,
        89671
    ],
    "ks_significance": 0.001,
    "percentile": 92
}