{
    "model": "EncDec-AD-Batch",
    "online": true,
    "normality": 2,
    "datasets": [
        "ECG/MBA_ECG803_data.out",
        "MITDB/100.test.csv@1.out"
    ],
    "series_length": 80000,
    "window": 125,
    "AUC": 0.6531346909197403,
    "Precision": 0.13363460296965785,
    "Recall": 0.09261744966442953,
    "F": 0.10940803382663848,
    "Precision@k": 0.09261744966442953,
    "Rprecision": 0.06118290258449304,
    "Rrecall": 0.26523735872351706,
    "Rf": 0.09943005017838921,
    "ExistenceReward": 0.9655172413793104,
    "OverlapReward": 0.09016738805956874,
    "RAUC": 0.7619528986709203,
    "time": 380.05658507347107
}