{
    "model": "EncDec-AD-Batch",
    "online": true,
    "normality": 2,
    "datasets": [
        "ECG/MBA_ECG803_data.out",
        "IOPS/KPI-1c6d7a26-1f1a-3321-bb4d-7a9d969ec8f0.test.out"
    ],
    "series_length": 80000,
    "window": 125,
    "AUC": 0.4776768861943079,
    "Precision": 0.3060897435897436,
    "Recall": 0.08737419945105215,
    "F": 0.13594306049822064,
    "Precision@k": 0.08737419945105215,
    "Rprecision": 0.1425,
    "Rrecall": 0.2673905170151343,
    "Rf": 0.18591866409658736,
    "ExistenceReward": 0.8913043478260869,
    "OverlapReward": 0.11141205931239606,
    "RAUC": 0.6406314375356382,
    "time": 365.79283118247986
}