{
    "model": "OnlineEncDecAD",
    "online": true,
    "normality": 2,
    "datasets": [
        "ECG/MBA_ECG803_data.out",
        "SensorScope/stb-2.test.out"
    ],
    "series_length": 69553,
    "window": 125,
    "AUC": 0.7101973675286023,
    "Precision": 0.2938088162456662,
    "Recall": 0.5318271472117626,
    "F": 0.3785094435936702,
    "Precision@k": 0.0,
    "Rprecision": 0.0,
    "Rrecall": 0.0,
    "Rf": 0.0,
    "ExistenceReward": 0.0,
    "OverlapReward": 0.0,
    "RAUC": 0.687341005276242,
    "Accuracy": 0.8599629059853637,
    "confusion_matrix": [
        [
            56847,
            7129
        ],
        [
            2611,
            2966
        ]
    ],
    "time": 1114.1514410972595,
    "use_increm_learn": true,
    "use_drift_detect": true,
    "increm_idxs": [
        23465,
        24465,
        26076,
        32899,
        56564,
        57564,
        58564,
        59564,
        60564,
        61564,
        62564,
        63564,
        64564,
        66010,
        67010,
        68019,
        69019
    ],
    "drift_idxs": [
        0,
        400,
        801,
        1202,
        2005,
        2406,
        2807,
        3610,
        4212,
        4613,
        5014,
        5415,
        5816,
        6217,
        7020,
        7622,
        8023,
        8424,
        9026,
        9427,
        10029,
        10430,
        11032,
        11433,
        11834,
        12235,
        12636,
        13037,
        13639,
        14040,
        14642,
        15043,
        15444,
        16046,
        16648,
        17049,
        17450,
        17851,
        18252,
        19055,
        19858,
        20460,
        20861,
        21262,
        21663,
        22064,
        22465,
        24675,
        25076,
        26884,
        27486,
        27887,
        28288,
        28890,
        29693,
        30094,
        30495,
        30896,
        31297,
        31899,
        32903,
        33505,
        33906,
        34508,
        34909,
        35511,
        35912,
        36313,
        36714,
        37115,
        37516,
        37917,
        38519,
        38920,
        39522,
        40124,
        40525,
        40926,
        41327,
        41728,
        42129,
        42530,
        42931,
        43332,
        43934,
        44335,
        44736,
        45137,
        45538,
        45939,
        46340,
        46741,
        47142,
        47543,
        47944,
        48345,
        48746,
        49147,
        49548,
        49949,
        50350,
        50751,
        51152,
        51553,
        51954,
        52355,
        52756,
        53358,
        53759,
        54160,
        54561,
        55163,
        55564,
        65010,
        67019
    ],
    "ks_significance": 0.001,
    "percentile": 92
}