{
    "model": "OnlineEncDecAD",
    "online": true,
    "normality": 2,
    "datasets": [
        "ECG/MBA_ECG803_data.out",
        "IOPS/KPI-1c6d7a26-1f1a-3321-bb4d-7a9d969ec8f0.test.out"
    ],
    "series_length": 90000,
    "window": 125,
    "AUC": 0.6745676192321226,
    "Precision": 0.06502062680869404,
    "Recall": 0.5217391304347826,
    "F": 0.11563098822885298,
    "Precision@k": 0.0,
    "Rprecision": 0.0,
    "Rrecall": 0.0,
    "Rf": 0.0,
    "ExistenceReward": 0.0,
    "OverlapReward": 0.0,
    "RAUC": 0.5853422878318669,
    "Accuracy": 0.8205222222222223,
    "confusion_matrix": [
        [
            72791,
            15185
        ],
        [
            968,
            1056
        ]
    ],
    "time": 1584.0553891658783,
    "use_increm_learn": true,
    "use_drift_detect": true,
    "increm_idxs": [
        23465,
        24465,
        26076,
        32899,
        64788,
        75017,
        82238
    ],
    "drift_idxs": [
        0,
        400,
        801,
        1202,
        2005,
        2406,
        2807,
        3610,
        4212,
        4613,
        5014,
        5415,
        5816,
        6217,
        7020,
        7622,
        8023,
        8424,
        9026,
        9427,
        10029,
        10430,
        11032,
        11433,
        11834,
        12235,
        12636,
        13037,
        13639,
        14040,
        14642,
        15043,
        15444,
        16046,
        16648,
        17049,
        17450,
        17851,
        18252,
        19055,
        19858,
        20460,
        20861,
        21262,
        21663,
        22064,
        22465,
        24675,
        25076,
        26884,
        27486,
        27887,
        28288,
        28890,
        29693,
        30094,
        30495,
        30896,
        31297,
        31899,
        32903,
        33505,
        33906,
        34508,
        34909,
        35511,
        35912,
        36313,
        36714,
        37115,
        37516,
        37917,
        38519,
        38920,
        39522,
        40124,
        40525,
        40926,
        41327,
        41929,
        42531,
        42932,
        43333,
        43734,
        44336,
        44737,
        45138,
        45539,
        46141,
        46542,
        46943,
        47344,
        47745,
        48146,
        48547,
        48948,
        49550,
        50353,
        50754,
        51155,
        51757,
        52158,
        52559,
        52960,
        53361,
        53762,
        54163,
        54564,
        54965,
        55366,
        55767,
        56168,
        56770,
        57171,
        57773,
        58174,
        58575,
        58976,
        59377,
        59778,
        60179,
        60580,
        60981,
        61382,
        61783,
        62184,
        62585,
        62986,
        63387,
        63788,
        64792,
        65394,
        65795,
        66196,
        66597,
        66998,
        67399,
        67800,
        68201,
        68602,
        69003,
        69404,
        69805,
        70206,
        70808,
        71209,
        71610,
        72212,
        72613,
        73014,
        73616,
        74017,
        75021,
        75422,
        75823,
        76425,
        76826,
        77227,
        77628,
        78029,
        78430,
        79032,
        79433,
        79834,
        80235,
        80636,
        81238,
        82242,
        82643,
        83044,
        83646,
        84047,
        84448,
        84849,
        85250,
        85651,
        86253,
        86654,
        87055,
        87456,
        87857,
        88459,
        88860,
        89261,
        89863
    ],
    "ks_significance": 0.001,
    "percentile": 92
}