{
    "model": "OnlineEncDecAD",
    "online": true,
    "normality": 2,
    "datasets": [
        "ECG/MBA_ECG803_data.out",
        "GHL/01_Lev_fault_Temp_corr_seed_11_vars_23.test.csv@4.out"
    ],
    "series_length": 90000,
    "window": 125,
    "AUC": 0.6968787118634943,
    "Precision": 0.08019716767076128,
    "Recall": 0.5272633744855967,
    "F": 0.1392190152801358,
    "Precision@k": 0.0,
    "Rprecision": 0.0,
    "Rrecall": 0.0,
    "Rf": 0.0,
    "ExistenceReward": 0.0,
    "OverlapReward": 0.0,
    "RAUC": 0.6251641638139706,
    "Accuracy": 0.8591666666666666,
    "confusion_matrix": [
        [
            76300,
            11756
        ],
        [
            919,
            1025
        ]
    ],
    "time": 1408.0831534862518,
    "use_increm_learn": true,
    "use_drift_detect": true,
    "increm_idxs": [
        23465,
        24465,
        26076,
        32899,
        42327,
        43532,
        44737,
        51557,
        52561,
        58178,
        64598,
        66004,
        73025,
        81250,
        89275
    ],
    "drift_idxs": [
        0,
        400,
        801,
        1202,
        2005,
        2406,
        2807,
        3610,
        4212,
        4613,
        5014,
        5415,
        5816,
        6217,
        7020,
        7622,
        8023,
        8424,
        9026,
        9427,
        10029,
        10430,
        11032,
        11433,
        11834,
        12235,
        12636,
        13037,
        13639,
        14040,
        14642,
        15043,
        15444,
        16046,
        16648,
        17049,
        17450,
        17851,
        18252,
        19055,
        19858,
        20460,
        20861,
        21262,
        21663,
        22064,
        22465,
        24675,
        25076,
        26884,
        27486,
        27887,
        28288,
        28890,
        29693,
        30094,
        30495,
        30896,
        31297,
        31899,
        32903,
        33505,
        33906,
        34508,
        34909,
        35511,
        35912,
        36313,
        36714,
        37115,
        37516,
        37917,
        38519,
        38920,
        39522,
        40124,
        40525,
        40926,
        41327,
        42532,
        43737,
        44741,
        45544,
        45945,
        46346,
        46948,
        47349,
        47750,
        48151,
        48552,
        48953,
        49354,
        49755,
        50156,
        50557,
        51561,
        52565,
        52966,
        53568,
        54170,
        54772,
        55173,
        55574,
        55975,
        56376,
        56777,
        57178,
        58383,
        58784,
        59386,
        60189,
        60791,
        61192,
        61593,
        61994,
        62395,
        62796,
        63197,
        63598,
        65004,
        66008,
        66811,
        67413,
        67814,
        68215,
        68616,
        69017,
        69418,
        69819,
        70220,
        70621,
        71022,
        71423,
        72025,
        73029,
        73832,
        74635,
        75036,
        75437,
        76039,
        76641,
        77042,
        77443,
        77844,
        78245,
        78646,
        79047,
        79448,
        79849,
        80250,
        81254,
        81655,
        82458,
        83261,
        83863,
        84465,
        85067,
        85468,
        85869,
        86270,
        86671,
        87072,
        87473,
        87874,
        88275,
        89279
    ],
    "ks_significance": 0.001,
    "percentile": 92
}