{
    "model": "EncDec-AD",
    "online": false,
    "normality": 2,
    "datasets": [
        "ECG/MBA_ECG803_data.out",
        "KDD21/001_UCR_Anomaly_DISTORTED1sddb40_35000_52000_52620.out"
    ],
    "series_length": 90000,
    "window": 125,
    "AUC": 0.28452473544973544,
    "Precision": 0.0,
    "Recall": 0.0,
    "F": 0.0,
    "Precision@k": 0.0,
    "Rprecision": 0.0,
    "Rrecall": 0.0,
    "Rf": 0.0,
    "ExistenceReward": 0.0,
    "OverlapReward": 0.0,
    "RAUC": 0.3042132976522809,
    "time": 162.5579583644867
}