{
    "model": "OnlineEncDecAD",
    "online": true,
    "normality": 2,
    "datasets": [
        "ECG/MBA_ECG803_data.out",
        "SMD/machine-1-1.test.csv@1.out"
    ],
    "series_length": 68479,
    "window": 125,
    "AUC": 0.6443834918474127,
    "Precision": 0.1231039059537353,
    "Recall": 0.5778816199376947,
    "F": 0.20296991012114105,
    "Precision@k": 0.0,
    "Rprecision": 0.0,
    "Rrecall": 0.0,
    "Rf": 0.0,
    "ExistenceReward": 0.0,
    "OverlapReward": 0.0,
    "RAUC": 0.6323157807978613,
    "Accuracy": 0.7021568656084347,
    "confusion_matrix": [
        [
            45486,
            18499
        ],
        [
            1897,
            2597
        ]
    ],
    "time": 1246.7543954849243,
    "use_increm_learn": true,
    "use_drift_detect": true,
    "increm_idxs": [
        23465,
        24465,
        26076,
        32899
    ],
    "drift_idxs": [
        0,
        400,
        801,
        1202,
        2005,
        2406,
        2807,
        3610,
        4212,
        4613,
        5014,
        5415,
        5816,
        6217,
        7020,
        7622,
        8023,
        8424,
        9026,
        9427,
        10029,
        10430,
        11032,
        11433,
        11834,
        12235,
        12636,
        13037,
        13639,
        14040,
        14642,
        15043,
        15444,
        16046,
        16648,
        17049,
        17450,
        17851,
        18252,
        19055,
        19858,
        20460,
        20861,
        21262,
        21663,
        22064,
        22465,
        24675,
        25076,
        26884,
        27486,
        27887,
        28288,
        28890,
        29693,
        30094,
        30495,
        30896,
        31297,
        31899,
        32903,
        33505,
        33906,
        34508,
        34909,
        35511,
        35912,
        36313,
        36714,
        37115,
        37516,
        37917,
        38519,
        38920,
        39522,
        40124,
        40525,
        40926,
        41327,
        41728,
        42129,
        42530,
        42931,
        43332,
        43733,
        44134,
        44535,
        44936,
        45337,
        45738,
        46139,
        46540,
        46941,
        47342,
        47743,
        48144,
        48545,
        48946,
        49347,
        49748,
        50149,
        50550,
        50951,
        51352,
        51753,
        52154,
        52555,
        52956,
        53357,
        53758,
        54159,
        54560,
        54961,
        55362,
        55763,
        56164,
        56565,
        56966,
        57367,
        57768,
        58169,
        58570,
        58971,
        59372,
        59773,
        60174,
        60575,
        60976,
        61377,
        61778,
        62179,
        62580,
        62981,
        63382,
        63783,
        64184,
        64585,
        64986,
        65387,
        65788,
        66189,
        66590,
        66991,
        67392,
        67793,
        68194
    ],
    "ks_significance": 0.001,
    "percentile": 92
}