{
    "model": "OnlineEncDecAD",
    "online": true,
    "normality": 2,
    "datasets": [
        "ECG/MBA_ECG803_data.out",
        "MGAB/1.test.out"
    ],
    "series_length": 90000,
    "window": 125,
    "AUC": 0.7077616621650308,
    "Precision": 0.11209083222611427,
    "Recall": 0.4989247311827957,
    "F": 0.18305552815859552,
    "Precision@k": 0.0,
    "Rprecision": 0.03204689324341732,
    "Rrecall": 0.3645761316872428,
    "Rf": 0.05891504848122071,
    "ExistenceReward": 0.9259259259259259,
    "OverlapReward": 0.224238683127572,
    "RAUC": 0.6305000445216965,
    "Accuracy": 0.9079666666666667,
    "confusion_matrix": [
        [
            80789,
            7351
        ],
        [
            932,
            928
        ]
    ],
    "time": 1033.4909462928772,
    "use_increm_learn": true,
    "use_drift_detect": true,
    "increm_idxs": [
        23465,
        24465,
        26076,
        32899,
        41124,
        42731,
        44137,
        45137,
        46137,
        47553,
        48553,
        49562,
        50562,
        51562,
        52777,
        54183,
        55183,
        56192,
        57799,
        58799,
        59799,
        61416,
        62416,
        63416,
        64416,
        65416,
        67042,
        68042,
        69042,
        70042,
        71865,
        73472,
        74677,
        75677,
        76677,
        77677,
        78677,
        80505,
        81505,
        82715,
        83715,
        85126,
        86331,
        87331,
        88331,
        89747
    ],
    "drift_idxs": [
        0,
        400,
        801,
        1202,
        2005,
        2406,
        2807,
        3610,
        4212,
        4613,
        5014,
        5415,
        5816,
        6217,
        7020,
        7622,
        8023,
        8424,
        9026,
        9427,
        10029,
        10430,
        11032,
        11433,
        11834,
        12235,
        12636,
        13037,
        13639,
        14040,
        14642,
        15043,
        15444,
        16046,
        16648,
        17049,
        17450,
        17851,
        18252,
        19055,
        19858,
        20460,
        20861,
        21262,
        21663,
        22064,
        22465,
        24675,
        25076,
        26884,
        27486,
        27887,
        28288,
        28890,
        29693,
        30094,
        30495,
        30896,
        31297,
        31899,
        32903,
        33505,
        33906,
        34508,
        34909,
        35511,
        35912,
        36313,
        36714,
        37115,
        37516,
        37917,
        38519,
        38920,
        39522,
        40124,
        41731,
        43137,
        46553,
        48562,
        51777,
        53183,
        55192,
        56799,
        60416,
        65641,
        66042,
        70865,
        72472,
        73677,
        79505,
        81715,
        84126,
        85331,
        88747
    ],
    "ks_significance": 0.001,
    "percentile": 92
}