{
    "model": "OnlineEncDecAD",
    "online": true,
    "normality": 2,
    "datasets": [
        "Genesis/genesis-anomalies.test.csv@1.out",
        "OPPORTUNITY/S1-ADL1.test.csv@16.out"
    ],
    "series_length": 62976,
    "window": 125,
    "AUC": 0.546292177850273,
    "Precision": 0.030623608017817373,
    "Recall": 0.233446519524618,
    "F": 0.0541445166371333,
    "Precision@k": 0.0,
    "Rprecision": 0.0,
    "Rrecall": 0.0,
    "Rf": 0.0,
    "ExistenceReward": 0.0,
    "OverlapReward": 0.0,
    "RAUC": 0.5828535159705933,
    "Accuracy": 0.8474339430894309,
    "confusion_matrix": [
        [
            53093,
            8705
        ],
        [
            903,
            275
        ]
    ],
    "time": 1112.3707270622253,
    "use_increm_learn": true,
    "use_drift_detect": true,
    "increm_idxs": [
        14033,
        28275,
        31686,
        33092,
        34096,
        35096,
        60172,
        61172
    ],
    "drift_idxs": [
        0,
        400,
        801,
        1202,
        1603,
        2004,
        2405,
        3208,
        3609,
        4010,
        4411,
        4812,
        5213,
        5614,
        6015,
        6416,
        6817,
        7218,
        7619,
        8020,
        8421,
        8822,
        9223,
        9624,
        10025,
        10426,
        11028,
        11429,
        11830,
        12231,
        12632,
        13033,
        14037,
        14438,
        14839,
        15441,
        16043,
        16645,
        17046,
        17447,
        17848,
        18450,
        18851,
        19252,
        19653,
        20054,
        20455,
        20856,
        21458,
        21859,
        22461,
        22862,
        23263,
        23664,
        24065,
        24868,
        25269,
        25670,
        26071,
        26673,
        27275,
        28681,
        29082,
        29483,
        29884,
        30285,
        30686,
        32092,
        33096,
        35507,
        36310,
        36711,
        37112,
        37513,
        37914,
        38315,
        38716,
        39117,
        39518,
        39919,
        40320,
        40721,
        41122,
        41523,
        41924,
        42325,
        42927,
        43529,
        43930,
        44532,
        44933,
        45334,
        45735,
        46538,
        46939,
        47340,
        47741,
        48343,
        48744,
        49145,
        49546,
        49947,
        50348,
        50749,
        51150,
        51551,
        51952,
        52353,
        52754,
        53155,
        53556,
        53957,
        54358,
        54759,
        55160,
        55561,
        55962,
        56363,
        56764,
        57165,
        57968,
        58369,
        59172,
        61181,
        61582,
        61983,
        62384,
        62785
    ],
    "ks_significance": 0.001,
    "percentile": 92
}