{
    "model": "OnlineEncDecAD",
    "online": true,
    "normality": 2,
    "datasets": [
        "Genesis/genesis-anomalies.test.csv@1.out",
        "SMD/machine-1-1.test.csv@1.out"
    ],
    "series_length": 41455,
    "window": 125,
    "AUC": 0.5738074492428118,
    "Precision": 0.08429870751555768,
    "Recall": 0.6417638483965015,
    "F": 0.149022594567149,
    "Precision@k": 0.0,
    "Rprecision": 0.0,
    "Rrecall": 0.0,
    "Rf": 0.0,
    "ExistenceReward": 0.0,
    "OverlapReward": 0.0,
    "RAUC": 0.6432072874055732,
    "Accuracy": 0.5148474249185864,
    "confusion_matrix": [
        [
            19582,
            19129
        ],
        [
            983,
            1761
        ]
    ],
    "time": 819.9536285400391,
    "use_increm_learn": true,
    "use_drift_detect": true,
    "increm_idxs": [],
    "drift_idxs": [
        0,
        400,
        801,
        1202,
        1603,
        2004,
        2405,
        3208,
        3609,
        4010,
        4411,
        4812,
        5213,
        5614,
        6015,
        6416,
        6817,
        7218,
        7619,
        8020,
        8421,
        8822,
        9223,
        9624,
        10025,
        10426,
        11028,
        11429,
        11830,
        12231,
        12632,
        13033,
        13434,
        13835,
        14236,
        14637,
        15038,
        15439,
        15840,
        16241,
        16642,
        17043,
        17444,
        17845,
        18246,
        18647,
        19048,
        19449,
        19850,
        20251,
        20652,
        21053,
        21454,
        21855,
        22256,
        22657,
        23058,
        23459,
        23860,
        24261,
        24662,
        25063,
        25464,
        25865,
        26266,
        26667,
        27068,
        27469,
        27870,
        28271,
        28672,
        29073,
        29675,
        30076,
        30477,
        31079,
        31480,
        31881,
        32282,
        32683,
        33084,
        33485,
        33886,
        34287,
        34688,
        35089,
        35490,
        36092,
        36493,
        36894,
        37295,
        37696,
        38097,
        38498,
        38899,
        39300,
        39701,
        40102,
        40503,
        40904,
        41305
    ],
    "ks_significance": 0.001,
    "percentile": 92
}