{
    "model": "EncDec-AD-Batch",
    "online": true,
    "normality": 2,
    "datasets": [
        "GHL/01_Lev_fault_Temp_corr_seed_11_vars_23.test.csv@4.out",
        "SVDB/801.test.csv@1.out"
    ],
    "series_length": 80000,
    "window": 125,
    "AUC": 0.7264431989637257,
    "Precision": 0.03766675385822652,
    "Recall": 0.0069706651176299735,
    "F": 0.011764225317593234,
    "Precision@k": 0.0069706651176299735,
    "Rprecision": 0.0040747028862478775,
    "Rrecall": 0.0051813471502590676,
    "Rf": 0.0045618703668504085,
    "ExistenceReward": 0.0051813471502590676,
    "OverlapReward": 0.0051813471502590676,
    "RAUC": 0.784816431665072,
    "time": 369.79269528388977
}