{
    "model": "OnlineEncDecAD",
    "online": true,
    "normality": 2,
    "datasets": [
        "GHL/01_Lev_fault_Temp_corr_seed_11_vars_23.test.csv@4.out",
        "Genesis/genesis-anomalies.test.csv@1.out"
    ],
    "series_length": 56220,
    "window": 125,
    "AUC": 0.692395669757156,
    "Precision": 0.010659947669347806,
    "Recall": 0.5670103092783505,
    "F": 0.020926471987063634,
    "Precision@k": 0.0,
    "Rprecision": 0.0,
    "Rrecall": 0.0,
    "Rf": 0.0,
    "ExistenceReward": 0.0,
    "OverlapReward": 0.0,
    "RAUC": 0.5915533996668382,
    "Accuracy": 0.8169156883671291,
    "confusion_matrix": [
        [
            45817,
            10209
        ],
        [
            84,
            110
        ]
    ],
    "time": 950.5709643363953,
    "use_increm_learn": true,
    "use_drift_detect": true,
    "increm_idxs": [
        1400,
        2605,
        8423,
        9427,
        14844,
        22868,
        31294,
        32298,
        39118
    ],
    "drift_idxs": [
        0,
        400,
        1605,
        2609,
        3412,
        4215,
        4616,
        5017,
        5418,
        5819,
        6220,
        6621,
        7022,
        7423,
        8427,
        9431,
        10234,
        10836,
        11438,
        11839,
        12240,
        12641,
        13042,
        13443,
        13844,
        14848,
        15249,
        16052,
        16855,
        17457,
        17858,
        18259,
        18660,
        19061,
        19462,
        19863,
        20264,
        20665,
        21066,
        21467,
        21868,
        22872,
        23273,
        23875,
        24678,
        25481,
        26083,
        26484,
        26885,
        27286,
        27687,
        28088,
        28489,
        28890,
        29291,
        29692,
        30294,
        31298,
        32302,
        32703,
        33305,
        33907,
        34509,
        34910,
        35311,
        35712,
        36113,
        36514,
        36915,
        37316,
        37717,
        38118,
        39122,
        39523,
        40125,
        40526,
        40927,
        41529,
        41930,
        42331,
        42732,
        43133,
        43534,
        43935,
        44336,
        44938,
        45339,
        45740,
        46141,
        46542,
        46943,
        47344,
        47946,
        48347,
        48748,
        49149,
        49550,
        49951,
        50553,
        50954,
        51355,
        51756,
        52157,
        52558,
        53160,
        53561,
        53962,
        54363,
        54764,
        55165,
        55566,
        55967
    ],
    "ks_significance": 0.001,
    "percentile": 92
}