{
    "model": "OnlineEncDecAD",
    "online": true,
    "normality": 2,
    "datasets": [
        "GHL/01_Lev_fault_Temp_corr_seed_11_vars_23.test.csv@4.out",
        "OPPORTUNITY/S1-ADL1.test.csv@16.out"
    ],
    "series_length": 90000,
    "window": 125,
    "AUC": 0.6347753703070482,
    "Precision": 0.0345514950166113,
    "Recall": 0.449685534591195,
    "F": 0.06417232288102316,
    "Precision@k": 0.0,
    "Rprecision": 0.0,
    "Rrecall": 0.0,
    "Rf": 0.0,
    "ExistenceReward": 0.0,
    "OverlapReward": 0.0,
    "RAUC": 0.6434539845586513,
    "Accuracy": 0.8146333333333333,
    "confusion_matrix": [
        [
            72745,
            15983
        ],
        [
            700,
            572
        ]
    ],
    "time": 1576.9293661117554,
    "use_increm_learn": true,
    "use_drift_detect": true,
    "increm_idxs": [
        1400,
        2605,
        8423,
        9427,
        14844,
        22868,
        31294,
        32298,
        39118,
        46941,
        52157,
        55166,
        58778,
        60986,
        61986,
        87260
    ],
    "drift_idxs": [
        0,
        400,
        1605,
        2609,
        3412,
        4215,
        4616,
        5017,
        5418,
        5819,
        6220,
        6621,
        7022,
        7423,
        8427,
        9431,
        10234,
        10836,
        11438,
        11839,
        12240,
        12641,
        13042,
        13443,
        13844,
        14848,
        15249,
        16052,
        16855,
        17457,
        17858,
        18259,
        18660,
        19061,
        19462,
        19863,
        20264,
        20665,
        21066,
        21467,
        21868,
        22872,
        23273,
        23875,
        24678,
        25481,
        26083,
        26484,
        26885,
        27286,
        27687,
        28088,
        28489,
        28890,
        29291,
        29692,
        30294,
        31298,
        32302,
        32703,
        33305,
        33907,
        34509,
        34910,
        35311,
        35712,
        36113,
        36514,
        36915,
        37316,
        37717,
        38118,
        39122,
        39523,
        40125,
        40526,
        40927,
        41328,
        41729,
        42130,
        42933,
        43334,
        43936,
        44337,
        44738,
        45139,
        45540,
        45941,
        46945,
        47748,
        48149,
        48550,
        48951,
        49553,
        49954,
        50355,
        50756,
        51157,
        52161,
        52562,
        52963,
        53364,
        53765,
        54166,
        55773,
        56174,
        56575,
        56976,
        57377,
        57778,
        59184,
        59585,
        59986,
        62196,
        62597,
        62998,
        63399,
        63800,
        64201,
        64602,
        65003,
        65404,
        65805,
        66206,
        66607,
        67008,
        67409,
        68212,
        68613,
        69014,
        69415,
        69816,
        70217,
        70618,
        71019,
        71420,
        72022,
        72423,
        72824,
        73426,
        73827,
        74228,
        74629,
        75030,
        75431,
        75832,
        76233,
        76634,
        77236,
        77637,
        78038,
        78439,
        79041,
        79442,
        79843,
        80244,
        80645,
        81046,
        81447,
        81848,
        82249,
        82650,
        83051,
        83452,
        83853,
        84455,
        84856,
        85257,
        85658,
        86260,
        87264,
        88067,
        88468,
        88869,
        89270,
        89671
    ],
    "ks_significance": 0.001,
    "percentile": 92
}