{
    "model": "EncDec-AD-Batch",
    "online": true,
    "normality": 2,
    "datasets": [
        "GHL/01_Lev_fault_Temp_corr_seed_11_vars_23.test.csv@4.out",
        "OPPORTUNITY/S1-ADL1.test.csv@16.out"
    ],
    "series_length": 80000,
    "window": 125,
    "AUC": 0.9985317151993426,
    "Precision": 0.852760736196319,
    "Recall": 0.764937106918239,
    "F": 0.8064649813510154,
    "Precision@k": 0.764937106918239,
    "Rprecision": 0.7244700701597253,
    "Rrecall": 0.2696863819296295,
    "Rf": 0.3930562672043503,
    "ExistenceReward": 0.6666666666666666,
    "OverlapReward": 0.17044131074537025,
    "RAUC": 0.9986471625588809,
    "time": 342.734810590744
}