{
    "model": "SAND",
    "online": true,
    "normality": 2,
    "datasets": [
        "GHL/01_Lev_fault_Temp_corr_seed_11_vars_23.test.csv@4.out",
        "MITDB/100.test.csv@1.out"
    ],
    "series_length": 100000,
    "window": 125,
    "AUC": 0.9590279063930137,
    "Precision": 0.2271186440677966,
    "Recall": 0.13320079522862824,
    "F": 0.16791979949874686,
    "Precision@k": 0.13320079522862824,
    "Rprecision": 0.15090090090090091,
    "Rrecall": 0.1746518105849582,
    "Rf": 0.16190997421557934,
    "ExistenceReward": 0.5,
    "OverlapReward": 0.09331476323119778,
    "RAUC": 0.9641913523912984,
    "time": 143.70145225524902
}