{
    "model": "OnlineEncDecAD",
    "online": true,
    "normality": 2,
    "datasets": [
        "GHL/01_Lev_fault_Temp_corr_seed_11_vars_23.test.csv@4.out",
        "SMD/machine-1-1.test.csv@1.out"
    ],
    "series_length": 68479,
    "window": 125,
    "AUC": 0.63101037259506,
    "Precision": 0.06992448155991529,
    "Recall": 0.616631430584919,
    "F": 0.1256055984209582,
    "Precision@k": 0.0,
    "Rprecision": 0.0,
    "Rrecall": 0.0,
    "Rf": 0.0,
    "ExistenceReward": 0.0,
    "OverlapReward": 0.0,
    "RAUC": 0.6808581417162104,
    "Accuracy": 0.6441974912016822,
    "confusion_matrix": [
        [
            42364,
            23277
        ],
        [
            1088,
            1750
        ]
    ],
    "time": 1267.5418634414673,
    "use_increm_learn": true,
    "use_drift_detect": true,
    "increm_idxs": [
        1400,
        2605,
        8423,
        9427,
        14844,
        22868,
        31294,
        32298,
        39118
    ],
    "drift_idxs": [
        0,
        400,
        1605,
        2609,
        3412,
        4215,
        4616,
        5017,
        5418,
        5819,
        6220,
        6621,
        7022,
        7423,
        8427,
        9431,
        10234,
        10836,
        11438,
        11839,
        12240,
        12641,
        13042,
        13443,
        13844,
        14848,
        15249,
        16052,
        16855,
        17457,
        17858,
        18259,
        18660,
        19061,
        19462,
        19863,
        20264,
        20665,
        21066,
        21467,
        21868,
        22872,
        23273,
        23875,
        24678,
        25481,
        26083,
        26484,
        26885,
        27286,
        27687,
        28088,
        28489,
        28890,
        29291,
        29692,
        30294,
        31298,
        32302,
        32703,
        33305,
        33907,
        34509,
        34910,
        35311,
        35712,
        36113,
        36514,
        36915,
        37316,
        37717,
        38118,
        39122,
        39523,
        40125,
        40526,
        40927,
        41328,
        41729,
        42130,
        42531,
        42932,
        43333,
        43734,
        44135,
        44536,
        44937,
        45338,
        45739,
        46140,
        46541,
        46942,
        47343,
        47744,
        48145,
        48546,
        48947,
        49348,
        49749,
        50150,
        50551,
        50952,
        51353,
        51754,
        52155,
        52556,
        52957,
        53358,
        53759,
        54160,
        54561,
        54962,
        55363,
        55764,
        56165,
        56566,
        56967,
        57368,
        57769,
        58170,
        58571,
        58972,
        59373,
        59774,
        60175,
        60576,
        60977,
        61378,
        61779,
        62180,
        62581,
        62982,
        63383,
        63784,
        64185,
        64586,
        64987,
        65388,
        65789,
        66190,
        66591,
        66992,
        67393,
        67794,
        68195
    ],
    "ks_significance": 0.001,
    "percentile": 92
}