{
    "model": "SAND",
    "online": true,
    "normality": 2,
    "datasets": [
        "IOPS/KPI-1c6d7a26-1f1a-3321-bb4d-7a9d969ec8f0.test.out",
        "SVDB/801.test.csv@1.out"
    ],
    "series_length": 100000,
    "window": 125,
    "AUC": 0.24921569374858032,
    "Precision": 0.0,
    "Recall": 0.0,
    "F": 0.0,
    "Precision@k": 0.0,
    "Rprecision": 0.0,
    "Rrecall": 0.0,
    "Rf": 0.0,
    "ExistenceReward": 0.0,
    "OverlapReward": 0.0,
    "RAUC": 0.35486414277113526,
    "time": 73.26974940299988
}