{
    "model": "OnlineEncDecAD",
    "online": true,
    "normality": 2,
    "datasets": [
        "IOPS/KPI-1c6d7a26-1f1a-3321-bb4d-7a9d969ec8f0.test.out",
        "OPPORTUNITY/S1-ADL1.test.csv@16.out"
    ],
    "series_length": 90000,
    "window": 125,
    "AUC": 0.6357813345911094,
    "Precision": 0.03148389589067555,
    "Recall": 0.49770992366412214,
    "F": 0.05922158136155138,
    "Precision@k": 0.0,
    "Rprecision": 0.0,
    "Rrecall": 0.0,
    "Rf": 0.0,
    "ExistenceReward": 0.0,
    "OverlapReward": 0.0,
    "RAUC": 0.5882678867469634,
    "Accuracy": 0.7698333333333334,
    "confusion_matrix": [
        [
            68633,
            20057
        ],
        [
            658,
            652
        ]
    ],
    "time": 1659.8016803264618,
    "use_increm_learn": true,
    "use_drift_detect": true,
    "increm_idxs": [
        52145,
        55154,
        58766,
        60573,
        61573,
        62573
    ],
    "drift_idxs": [
        0,
        400,
        801,
        1202,
        2005,
        2406,
        2807,
        3208,
        3810,
        4613,
        5014,
        5415,
        5816,
        6217,
        6618,
        7019,
        7621,
        8022,
        8423,
        8824,
        9225,
        9626,
        10228,
        10629,
        11030,
        11833,
        12234,
        12635,
        13036,
        13437,
        13838,
        14239,
        14841,
        15242,
        15643,
        16245,
        16646,
        17047,
        17448,
        17849,
        18250,
        18651,
        19052,
        19453,
        19854,
        20255,
        20857,
        21258,
        21659,
        22060,
        22461,
        23063,
        23464,
        23865,
        24266,
        24868,
        25470,
        25871,
        26473,
        26874,
        27476,
        27877,
        28278,
        29081,
        29482,
        29883,
        30284,
        30685,
        31086,
        31688,
        32089,
        32691,
        33092,
        33694,
        34095,
        34496,
        34897,
        35499,
        36302,
        36703,
        37104,
        37907,
        38308,
        38709,
        39311,
        39712,
        40113,
        40514,
        41317,
        41718,
        42119,
        42922,
        43323,
        43925,
        44326,
        44727,
        45128,
        45529,
        45930,
        46532,
        46933,
        47736,
        48137,
        48538,
        48939,
        49541,
        49942,
        50343,
        50744,
        51145,
        52149,
        52550,
        52951,
        53352,
        53753,
        54154,
        55761,
        56162,
        56563,
        56964,
        57365,
        57766,
        59172,
        59573,
        62587,
        62988,
        63389,
        63790,
        64191,
        64592,
        64993,
        65394,
        65795,
        66196,
        66597,
        66998,
        67399,
        68001,
        68402,
        68803,
        69204,
        69605,
        70006,
        70608,
        71210,
        72013,
        72414,
        72815,
        73417,
        73818,
        74219,
        74620,
        75021,
        75422,
        75823,
        76224,
        76625,
        77227,
        77628,
        78029,
        78430,
        79032,
        79433,
        79834,
        80235,
        80636,
        81037,
        81438,
        81839,
        82240,
        82641,
        83042,
        83443,
        83844,
        84446,
        84847,
        85248,
        85649,
        86251,
        87054,
        87455,
        88057,
        88458,
        88859,
        89260,
        89661
    ],
    "ks_significance": 0.001,
    "percentile": 92
}