{
    "model": "OnlineEncDecAD",
    "online": true,
    "normality": 2,
    "datasets": [
        "IOPS/KPI-1c6d7a26-1f1a-3321-bb4d-7a9d969ec8f0.test.out",
        "SensorScope/stb-2.test.out"
    ],
    "series_length": 69553,
    "window": 125,
    "AUC": 0.6853005660522105,
    "Precision": 0.1330691761598151,
    "Recall": 0.6107602930032836,
    "F": 0.2185268865793041,
    "Precision@k": 0.0,
    "Rprecision": 0.0,
    "Rrecall": 0.0,
    "Rf": 0.0,
    "ExistenceReward": 0.0,
    "OverlapReward": 0.0,
    "RAUC": 0.666061610119452,
    "Accuracy": 0.7513550817362299,
    "confusion_matrix": [
        [
            49841,
            15753
        ],
        [
            1541,
            2418
        ]
    ],
    "time": 1180.7198541164398,
    "use_increm_learn": true,
    "use_drift_detect": true,
    "increm_idxs": [
        56553,
        57553,
        58553,
        59553,
        60553,
        61553,
        62553,
        63553,
        64553,
        65999,
        66999,
        68008,
        69008
    ],
    "drift_idxs": [
        0,
        400,
        801,
        1202,
        2005,
        2406,
        2807,
        3208,
        3810,
        4613,
        5014,
        5415,
        5816,
        6217,
        6618,
        7019,
        7621,
        8022,
        8423,
        8824,
        9225,
        9626,
        10228,
        10629,
        11030,
        11833,
        12234,
        12635,
        13036,
        13437,
        13838,
        14239,
        14841,
        15242,
        15643,
        16245,
        16646,
        17047,
        17448,
        17849,
        18250,
        18651,
        19052,
        19453,
        19854,
        20255,
        20857,
        21258,
        21659,
        22060,
        22461,
        23063,
        23464,
        23865,
        24266,
        24868,
        25470,
        25871,
        26473,
        26874,
        27476,
        27877,
        28278,
        29081,
        29482,
        29883,
        30284,
        30685,
        31086,
        31688,
        32089,
        32691,
        33092,
        33694,
        34095,
        34496,
        34897,
        35499,
        36302,
        36703,
        37104,
        37907,
        38308,
        38709,
        39311,
        39712,
        40113,
        40514,
        40915,
        41316,
        41717,
        42319,
        42720,
        43121,
        43522,
        43923,
        44324,
        44725,
        45126,
        45527,
        45928,
        46329,
        46730,
        47131,
        47532,
        47933,
        48334,
        48735,
        49136,
        49537,
        49938,
        50339,
        50740,
        51141,
        51542,
        51943,
        52344,
        52745,
        53347,
        53748,
        54149,
        54550,
        55152,
        55553,
        64999,
        67008
    ],
    "ks_significance": 0.001,
    "percentile": 92
}