{
    "model": "EncDec-AD-Batch",
    "online": true,
    "normality": 2,
    "datasets": [
        "IOPS/KPI-1c6d7a26-1f1a-3321-bb4d-7a9d969ec8f0.test.out",
        "GHL/01_Lev_fault_Temp_corr_seed_11_vars_23.test.csv@4.out"
    ],
    "series_length": 80000,
    "window": 125,
    "AUC": 0.8832719134822749,
    "Precision": 0.06901669758812616,
    "Recall": 0.523943661971831,
    "F": 0.12196721311475411,
    "Precision@k": 0.523943661971831,
    "Rprecision": 0.8200790513833992,
    "Rrecall": 0.25462747778537254,
    "Rf": 0.3885984773906284,
    "ExistenceReward": 0.631578947368421,
    "OverlapReward": 0.1603896103896104,
    "RAUC": 0.8993936707059016,
    "time": 305.5296106338501
}