{
    "model": "EncDec-AD-Batch",
    "online": true,
    "normality": 2,
    "datasets": [
        "IOPS/KPI-1c6d7a26-1f1a-3321-bb4d-7a9d969ec8f0.test.out",
        "OPPORTUNITY/S1-ADL1.test.csv@16.out"
    ],
    "series_length": 80000,
    "window": 125,
    "AUC": 0.93293058093826,
    "Precision": 0.8592233009708737,
    "Recall": 0.7931292008961912,
    "F": 0.8248543689320389,
    "Precision@k": 0.7931292008961912,
    "Rprecision": 0.7391544757924068,
    "Rrecall": 0.11976497390304837,
    "Rf": 0.206130659947186,
    "ExistenceReward": 0.35,
    "OverlapReward": 0.06220621737881045,
    "RAUC": 0.8522975449413454,
    "time": 355.9635934829712
}