{
    "model": "OnlineEncDecAD",
    "online": true,
    "normality": 2,
    "datasets": [
        "IOPS/KPI-1c6d7a26-1f1a-3321-bb4d-7a9d969ec8f0.test.out",
        "MGAB/1.test.out"
    ],
    "series_length": 90000,
    "window": 125,
    "AUC": 0.643139845818665,
    "Precision": 0.007018863194836122,
    "Recall": 0.4628099173553719,
    "F": 0.013828014074942899,
    "Precision@k": 0.0,
    "Rprecision": 0.0,
    "Rrecall": 0.0,
    "Rf": 0.0,
    "ExistenceReward": 0.0,
    "OverlapReward": 0.0,
    "RAUC": 0.5350106355162628,
    "Accuracy": 0.8225,
    "confusion_matrix": [
        [
            73913,
            15845
        ],
        [
            130,
            112
        ]
    ],
    "time": 1103.945306777954,
    "use_increm_learn": true,
    "use_drift_detect": true,
    "increm_idxs": [
        41113,
        42921,
        44126,
        45126,
        46126,
        47542,
        49350,
        50354,
        51354,
        52354,
        53354,
        54354,
        55354,
        56354,
        57354,
        58995,
        59995,
        62209,
        63615,
        64615,
        65615,
        66830,
        67830,
        68830,
        69830,
        70830,
        72657,
        73657,
        74657,
        75657,
        76657,
        77681,
        79489,
        80489,
        81489,
        82489,
        83489,
        84915,
        85915,
        86915,
        87915,
        89738
    ],
    "drift_idxs": [
        0,
        400,
        801,
        1202,
        2005,
        2406,
        2807,
        3208,
        3810,
        4613,
        5014,
        5415,
        5816,
        6217,
        6618,
        7019,
        7621,
        8022,
        8423,
        8824,
        9225,
        9626,
        10228,
        10629,
        11030,
        11833,
        12234,
        12635,
        13036,
        13437,
        13838,
        14239,
        14841,
        15242,
        15643,
        16245,
        16646,
        17047,
        17448,
        17849,
        18250,
        18651,
        19052,
        19453,
        19854,
        20255,
        20857,
        21258,
        21659,
        22060,
        22461,
        23063,
        23464,
        23865,
        24266,
        24868,
        25470,
        25871,
        26473,
        26874,
        27476,
        27877,
        28278,
        29081,
        29482,
        29883,
        30284,
        30685,
        31086,
        31688,
        32089,
        32691,
        33092,
        33694,
        34095,
        34496,
        34897,
        35499,
        36302,
        36703,
        37104,
        37907,
        38308,
        38709,
        39311,
        39712,
        40113,
        41921,
        43126,
        46542,
        48350,
        49354,
        57393,
        57995,
        60406,
        61209,
        62615,
        65830,
        70854,
        71657,
        76681,
        78489,
        83915,
        88738
    ],
    "ks_significance": 0.001,
    "percentile": 92
}