{
    "model": "SAND",
    "online": true,
    "normality": 2,
    "datasets": [
        "IOPS/KPI-1c6d7a26-1f1a-3321-bb4d-7a9d969ec8f0.test.out",
        "Daphnet/S01R02E0.test.csv@1.out"
    ],
    "series_length": 78800,
    "window": 125,
    "AUC": 0.7796665330067487,
    "Precision": 0.0,
    "Recall": 0.0,
    "F": 0.0,
    "Precision@k": 0.0,
    "Rprecision": 0.0,
    "Rrecall": 0.0,
    "Rf": 0.0,
    "ExistenceReward": 0.0,
    "OverlapReward": 0.0,
    "RAUC": 0.6763896303251483,
    "time": 53.41015005111694
}