{
    "model": "EncDec-AD-Batch",
    "online": true,
    "normality": 2,
    "datasets": [
        "IOPS/KPI-1c6d7a26-1f1a-3321-bb4d-7a9d969ec8f0.test.out",
        "KDD21/001_UCR_Anomaly_DISTORTED1sddb40_35000_52000_52620.out"
    ],
    "series_length": 80000,
    "window": 125,
    "AUC": 0.5678029119337797,
    "Precision": 0.4344262295081967,
    "Recall": 0.25118483412322273,
    "F": 0.3183183183183183,
    "Precision@k": 0.25118483412322273,
    "Rprecision": 0.42857142857142855,
    "Rrecall": 0.29801587301587307,
    "Rf": 0.35156432862604353,
    "ExistenceReward": 0.7777777777777778,
    "OverlapReward": 0.17807539682539686,
    "RAUC": 0.6088113164719552,
    "time": 285.89327907562256
}