{
    "model": "OnlineEncDecAD",
    "online": true,
    "normality": 2,
    "datasets": [
        "IOPS/KPI-1c6d7a26-1f1a-3321-bb4d-7a9d969ec8f0.test.out",
        "Genesis/genesis-anomalies.test.csv@1.out"
    ],
    "series_length": 56220,
    "window": 125,
    "AUC": 0.6934028966798305,
    "Precision": 0.010416666666666666,
    "Recall": 0.6379310344827587,
    "F": 0.020498614958448756,
    "Precision@k": 0.0,
    "Rprecision": 0.0,
    "Rrecall": 0.0,
    "Rf": 0.0,
    "ExistenceReward": 0.0,
    "OverlapReward": 0.0,
    "RAUC": 0.5087740198360953,
    "Accuracy": 0.7484169334756314,
    "confusion_matrix": [
        [
            41928,
            14060
        ],
        [
            84,
            148
        ]
    ],
    "time": 943.4018614292145,
    "use_increm_learn": true,
    "use_drift_detect": true,
    "increm_idxs": [],
    "drift_idxs": [
        0,
        400,
        801,
        1202,
        2005,
        2406,
        2807,
        3208,
        3810,
        4613,
        5014,
        5415,
        5816,
        6217,
        6618,
        7019,
        7621,
        8022,
        8423,
        8824,
        9225,
        9626,
        10228,
        10629,
        11030,
        11833,
        12234,
        12635,
        13036,
        13437,
        13838,
        14239,
        14841,
        15242,
        15643,
        16245,
        16646,
        17047,
        17448,
        17849,
        18250,
        18651,
        19052,
        19453,
        19854,
        20255,
        20857,
        21258,
        21659,
        22060,
        22461,
        23063,
        23464,
        23865,
        24266,
        24868,
        25470,
        25871,
        26473,
        26874,
        27476,
        27877,
        28278,
        29081,
        29482,
        29883,
        30284,
        30685,
        31086,
        31688,
        32089,
        32691,
        33092,
        33694,
        34095,
        34496,
        34897,
        35499,
        36302,
        36703,
        37104,
        37907,
        38308,
        38709,
        39311,
        39712,
        40113,
        40514,
        40915,
        41517,
        41918,
        42319,
        42720,
        43121,
        43522,
        43923,
        44324,
        44926,
        45327,
        45728,
        46129,
        46530,
        46931,
        47332,
        47934,
        48335,
        48736,
        49137,
        49538,
        49939,
        50541,
        50942,
        51343,
        51744,
        52145,
        52546,
        53148,
        53549,
        53950,
        54351,
        54752,
        55153,
        55554,
        55955
    ],
    "ks_significance": 0.001,
    "percentile": 92
}