{
    "model": "OnlineEncDecAD",
    "online": true,
    "normality": 2,
    "datasets": [
        "IOPS/KPI-1c6d7a26-1f1a-3321-bb4d-7a9d969ec8f0.test.out",
        "GHL/01_Lev_fault_Temp_corr_seed_11_vars_23.test.csv@4.out"
    ],
    "series_length": 90000,
    "window": 125,
    "AUC": 0.6846995955766703,
    "Precision": 0.009265791825408024,
    "Recall": 0.6042944785276073,
    "F": 0.018251725575577894,
    "Precision@k": 0.0,
    "Rprecision": 0.0,
    "Rrecall": 0.0,
    "Rf": 0.0,
    "ExistenceReward": 0.0,
    "OverlapReward": 0.0,
    "RAUC": 0.5501524349424202,
    "Accuracy": 0.7645222222222222,
    "confusion_matrix": [
        [
            68610,
            21064
        ],
        [
            129,
            197
        ]
    ],
    "time": 1465.4582693576813,
    "use_increm_learn": true,
    "use_drift_detect": true,
    "increm_idxs": [
        42316,
        43521,
        44726,
        51547,
        58167,
        64586,
        65992,
        73014,
        81239,
        89263
    ],
    "drift_idxs": [
        0,
        400,
        801,
        1202,
        2005,
        2406,
        2807,
        3208,
        3810,
        4613,
        5014,
        5415,
        5816,
        6217,
        6618,
        7019,
        7621,
        8022,
        8423,
        8824,
        9225,
        9626,
        10228,
        10629,
        11030,
        11833,
        12234,
        12635,
        13036,
        13437,
        13838,
        14239,
        14841,
        15242,
        15643,
        16245,
        16646,
        17047,
        17448,
        17849,
        18250,
        18651,
        19052,
        19453,
        19854,
        20255,
        20857,
        21258,
        21659,
        22060,
        22461,
        23063,
        23464,
        23865,
        24266,
        24868,
        25470,
        25871,
        26473,
        26874,
        27476,
        27877,
        28278,
        29081,
        29482,
        29883,
        30284,
        30685,
        31086,
        31688,
        32089,
        32691,
        33092,
        33694,
        34095,
        34496,
        34897,
        35499,
        36302,
        36703,
        37104,
        37907,
        38308,
        38709,
        39311,
        39712,
        40113,
        40514,
        40915,
        41316,
        42521,
        43726,
        44730,
        45533,
        45934,
        46335,
        46937,
        47539,
        47940,
        48341,
        48742,
        49143,
        49544,
        49945,
        50547,
        51551,
        51952,
        52554,
        52955,
        53557,
        54159,
        54761,
        55162,
        55563,
        55964,
        56365,
        56766,
        57167,
        58372,
        58773,
        59375,
        59776,
        60177,
        60779,
        61180,
        61581,
        61982,
        62383,
        62784,
        63185,
        63586,
        64992,
        65996,
        66799,
        67602,
        68204,
        68605,
        69006,
        69407,
        69808,
        70209,
        70610,
        71011,
        71412,
        72014,
        73018,
        73821,
        74624,
        75025,
        75426,
        76028,
        76630,
        77031,
        77432,
        77833,
        78234,
        78635,
        79036,
        79437,
        79838,
        80239,
        81243,
        81644,
        82447,
        83250,
        83852,
        84253,
        84654,
        85055,
        85456,
        85857,
        86258,
        86659,
        87060,
        87461,
        87862,
        88263,
        89267
    ],
    "ks_significance": 0.001,
    "percentile": 92
}