{
    "model": "EncDec-AD-Batch",
    "online": true,
    "normality": 2,
    "datasets": [
        "IOPS/KPI-1c6d7a26-1f1a-3321-bb4d-7a9d969ec8f0.test.out",
        "NAB/NAB_data_Traffic_1.out"
    ],
    "series_length": 42007,
    "window": 125,
    "AUC": 0.8375092858477726,
    "Precision": 0.2871287128712871,
    "Recall": 0.06236559139784946,
    "F": 0.10247349823321554,
    "Precision@k": 0.06236559139784946,
    "Rprecision": 0.28,
    "Rrecall": 0.0348432055749129,
    "Rf": 0.061974324922532104,
    "ExistenceReward": 0.14285714285714285,
    "OverlapReward": 0.0078397212543554,
    "RAUC": 0.9071318438240457,
    "time": 182.5788106918335
}