{
    "model": "EncDec-AD",
    "online": false,
    "normality": 2,
    "datasets": [
        "IOPS/KPI-1c6d7a26-1f1a-3321-bb4d-7a9d969ec8f0.test.out",
        "Daphnet/S01R02E0.test.csv@1.out"
    ],
    "series_length": 68800,
    "window": 125,
    "AUC": 0.7749380271809371,
    "Precision": 0.019801980198019802,
    "Recall": 0.009253903990746095,
    "F": 0.012613322822230981,
    "Precision@k": 0.009253903990746095,
    "Rprecision": 0.031446540880503145,
    "Rrecall": 0.038876140777937704,
    "Rf": 0.03476887176138778,
    "ExistenceReward": 0.19047619047619047,
    "OverlapReward": 0.0009761283533745078,
    "RAUC": 0.647675997531796,
    "time": 197.0969798564911
}