{
    "model": "SAND",
    "online": true,
    "normality": 2,
    "datasets": [
        "IOPS/KPI-1c6d7a26-1f1a-3321-bb4d-7a9d969ec8f0.test.out",
        "NAB/NAB_data_Traffic_1.out"
    ],
    "series_length": 52499,
    "window": 125,
    "AUC": 0.5330307606682525,
    "Precision": 0.0,
    "Recall": 0.0,
    "F": 0.0,
    "Precision@k": 0.0,
    "Rprecision": 0.0,
    "Rrecall": 0.0,
    "Rf": 0.0,
    "ExistenceReward": 0.0,
    "OverlapReward": 0.0,
    "RAUC": 0.5302227602584261,
    "time": 22.674864530563354
}