{
    "model": "EncDec-AD",
    "online": false,
    "normality": 2,
    "datasets": [
        "IOPS/KPI-1c6d7a26-1f1a-3321-bb4d-7a9d969ec8f0.test.out",
        "SensorScope/stb-2.test.out"
    ],
    "series_length": 69553,
    "window": 125,
    "AUC": 0.6879037880908208,
    "Precision": 0.4785714285714286,
    "Recall": 0.016923465521596362,
    "F": 0.03269090021956575,
    "Precision@k": 0.016923465521596362,
    "Rprecision": 0.4470588235294118,
    "Rrecall": 0.10810548350269551,
    "Rf": 0.17410885267520704,
    "ExistenceReward": 0.34782608695652173,
    "OverlapReward": 0.04817533263923894,
    "RAUC": 0.7154437397205369,
    "time": 191.3329360485077
}