{
    "model": "SAND",
    "online": true,
    "normality": 2,
    "datasets": [
        "KDD21/001_UCR_Anomaly_DISTORTED1sddb40_35000_52000_52620.out",
        "SVDB/801.test.csv@1.out"
    ],
    "series_length": 100000,
    "window": 208,
    "AUC": 0.4230416647917993,
    "Precision": 0.10714285714285714,
    "Recall": 0.0027616892332476698,
    "F": 0.005384586620797965,
    "Precision@k": 0.0027616892332476698,
    "Rprecision": 0.1,
    "Rrecall": 0.0009343549640041806,
    "Rf": 0.0018514111757833016,
    "ExistenceReward": 0.004048582995951417,
    "OverlapReward": 0.00015579795601737147,
    "RAUC": 0.5682887145440871,
    "time": 109.01794075965881
}