{
    "model": "EncDec-AD",
    "online": false,
    "normality": 2,
    "datasets": [
        "KDD21/001_UCR_Anomaly_DISTORTED1sddb40_35000_52000_52620.out",
        "NAB/NAB_data_Traffic_1.out"
    ],
    "series_length": 42499,
    "window": 208,
    "AUC": 0.8156771087981629,
    "Precision": 0.2682926829268293,
    "Recall": 0.08943089430894309,
    "F": 0.13414634146341464,
    "Precision@k": 0.08943089430894309,
    "Rprecision": 0.19047619047619047,
    "Rrecall": 0.2682926829268293,
    "Rf": 0.2227848101265823,
    "ExistenceReward": 1.0,
    "OverlapReward": 0.08536585365853659,
    "RAUC": 0.9337795023722953,
    "time": 184.2679579257965
}