{
    "model": "EncDec-AD",
    "online": false,
    "normality": 2,
    "datasets": [
        "KDD21/001_UCR_Anomaly_DISTORTED1sddb40_35000_52000_52620.out",
        "SensorScope/stb-2.test.out"
    ],
    "series_length": 69553,
    "window": 208,
    "AUC": 0.6470421921864191,
    "Precision": 0.0,
    "Recall": 0.0,
    "F": 0.0,
    "Precision@k": 0.0,
    "Rprecision": 0.0,
    "Rrecall": 0.0,
    "Rf": 0.0,
    "ExistenceReward": 0.0,
    "OverlapReward": 0.0,
    "RAUC": 0.6737396295640128,
    "time": 187.47564458847046
}