{
    "model": "EncDec-AD",
    "online": false,
    "normality": 2,
    "datasets": [
        "KDD21/001_UCR_Anomaly_DISTORTED1sddb40_35000_52000_52620.out",
        "MITDB/100.test.csv@1.out"
    ],
    "series_length": 90000,
    "window": 208,
    "AUC": 0.6689998877913474,
    "Precision": 0.0,
    "Recall": 0.0,
    "F": 0.0,
    "Precision@k": 0.0,
    "Rprecision": 0.0,
    "Rrecall": 0.0,
    "Rf": 0.0,
    "ExistenceReward": 0.0,
    "OverlapReward": 0.0,
    "RAUC": 0.7183155113507405,
    "time": 150.23764562606812
}