{
    "model": "EncDec-AD-Batch",
    "online": true,
    "normality": 2,
    "datasets": [
        "KDD21/001_UCR_Anomaly_DISTORTED1sddb40_35000_52000_52620.out",
        "SensorScope/stb-2.test.out"
    ],
    "series_length": 63643,
    "window": 208,
    "AUC": 0.43521552074520775,
    "Precision": 0.0,
    "Recall": 0.0,
    "F": 0.0,
    "Precision@k": 0.0,
    "Rprecision": 0.0,
    "Rrecall": 0.0,
    "Rf": 0.0,
    "ExistenceReward": 0.0,
    "OverlapReward": 0.0,
    "RAUC": 0.46134867350414716,
    "time": 264.26600193977356
}