{
    "model": "SAND",
    "online": true,
    "normality": 2,
    "datasets": [
        "KDD21/001_UCR_Anomaly_DISTORTED1sddb40_35000_52000_52620.out",
        "Daphnet/S01R02E0.test.csv@1.out"
    ],
    "series_length": 78800,
    "window": 208,
    "AUC": 0.6829049952652234,
    "Precision": 0.0,
    "Recall": 0.0,
    "F": 0.0,
    "Precision@k": 0.0,
    "Rprecision": 0.0,
    "Rrecall": 0.0,
    "Rf": 0.0,
    "ExistenceReward": 0.0,
    "OverlapReward": 0.0,
    "RAUC": 0.7137427766078119,
    "time": 56.89715385437012
}