{
    "model": "SAND",
    "online": true,
    "normality": 2,
    "datasets": [
        "KDD21/001_UCR_Anomaly_DISTORTED1sddb40_35000_52000_52620.out",
        "NAB/NAB_data_Traffic_1.out"
    ],
    "series_length": 52499,
    "window": 208,
    "AUC": 0.9605511427437395,
    "Precision": 0.13644524236983843,
    "Recall": 0.3089430894308943,
    "F": 0.1892901618929016,
    "Precision@k": 0.3089430894308943,
    "Rprecision": 0.08216216216216217,
    "Rrecall": 0.3138211382113822,
    "Rf": 0.13022884158657583,
    "ExistenceReward": 0.3333333333333333,
    "OverlapReward": 0.3089430894308943,
    "RAUC": 0.9792531370825818,
    "time": 36.30133509635925
}