{
    "model": "OnlineEncDecAD",
    "online": true,
    "normality": 2,
    "datasets": [
        "MGAB/1.test.out",
        "GHL/01_Lev_fault_Temp_corr_seed_11_vars_23.test.csv@4.out"
    ],
    "series_length": 90000,
    "window": 49,
    "AUC": 0.7194565852533716,
    "Precision": 0.00958623514952888,
    "Recall": 0.5735294117647058,
    "F": 0.018857281005721652,
    "Precision@k": 0.0,
    "Rprecision": 0.0,
    "Rrecall": 0.0,
    "Rf": 0.0,
    "ExistenceReward": 0.0,
    "OverlapReward": 0.0,
    "RAUC": 0.5516165940829563,
    "Accuracy": 0.8647222222222222,
    "confusion_matrix": [
        [
            77708,
            12088
        ],
        [
            87,
            117
        ]
    ],
    "time": 687.62584400177,
    "use_increm_learn": true,
    "use_drift_detect": true,
    "increm_idxs": [
        999,
        2405,
        3610,
        4610,
        5619,
        6824,
        7828,
        8828,
        9828,
        11043,
        12851,
        13855,
        14855,
        16467,
        17467,
        18467,
        19467,
        20467,
        21467,
        22467,
        23501,
        25108,
        26108,
        27318,
        28318,
        29318,
        30318,
        31739,
        32743,
        33743,
        34752,
        35752,
        36962,
        38167,
        39167,
        40167,
        41983,
        43590,
        44795,
        51214,
        52620,
        58437,
        59441,
        64858,
        72881,
        73885,
        81106,
        82311,
        89131
    ],
    "drift_idxs": [
        0,
        1405,
        2610,
        4619,
        5824,
        6828,
        10043,
        11851,
        12855,
        15467,
        22501,
        24108,
        26318,
        30739,
        31743,
        33752,
        35962,
        37167,
        40181,
        40582,
        40983,
        42590,
        43795,
        44799,
        45602,
        46204,
        46605,
        47006,
        47407,
        47808,
        48209,
        48610,
        49011,
        49412,
        49813,
        50214,
        51620,
        52624,
        53427,
        53828,
        54229,
        54630,
        55031,
        55432,
        55833,
        56234,
        56635,
        57036,
        57437,
        58441,
        59445,
        60248,
        60850,
        61452,
        61853,
        62254,
        62655,
        63056,
        63457,
        63858,
        64862,
        65263,
        65865,
        66266,
        66868,
        67470,
        67871,
        68272,
        68673,
        69074,
        69475,
        69876,
        70277,
        70678,
        71079,
        71480,
        71881,
        72885,
        73889,
        74692,
        75294,
        75695,
        76096,
        76497,
        76898,
        77299,
        77700,
        78101,
        78502,
        78903,
        79304,
        79705,
        80106,
        81311,
        82315,
        83118,
        83519,
        83920,
        84522,
        84923,
        85324,
        85725,
        86126,
        86527,
        86928,
        87329,
        87730,
        88131,
        89135,
        89536
    ],
    "ks_significance": 0.001,
    "percentile": 92
}