{
    "model": "OnlineEncDecAD",
    "online": true,
    "normality": 2,
    "datasets": [
        "MGAB/1.test.out",
        "SMD/machine-1-1.test.csv@1.out"
    ],
    "series_length": 68479,
    "window": 49,
    "AUC": 0.666727065000098,
    "Precision": 0.0817432273262662,
    "Recall": 0.6299927378358751,
    "F": 0.14470995454355895,
    "Precision@k": 0.0,
    "Rprecision": 0.0,
    "Rrecall": 0.0,
    "Rf": 0.0,
    "ExistenceReward": 0.0,
    "OverlapReward": 0.0,
    "RAUC": 0.6274290964828954,
    "Accuracy": 0.7005067246893208,
    "confusion_matrix": [
        [
            46235,
            19490
        ],
        [
            1019,
            1735
        ]
    ],
    "time": 547.4009280204773,
    "use_increm_learn": true,
    "use_drift_detect": true,
    "increm_idxs": [
        999,
        2405,
        3610,
        4610,
        5619,
        6824,
        7828,
        8828,
        9828,
        11043,
        12851,
        13855,
        14855,
        16467,
        17467,
        18467,
        19467,
        20467,
        21467,
        22467,
        23501,
        25108,
        26108,
        27318,
        28318,
        29318,
        30318,
        31739,
        32743,
        33743,
        34752,
        35752,
        36962,
        38167,
        39167,
        40167
    ],
    "drift_idxs": [
        0,
        1405,
        2610,
        4619,
        5824,
        6828,
        10043,
        11851,
        12855,
        15467,
        22501,
        24108,
        26318,
        30739,
        31743,
        33752,
        35962,
        37167,
        40181,
        40582,
        40983,
        41384,
        41785,
        42186,
        42587,
        42988,
        43389,
        43790,
        44191,
        44592,
        44993,
        45394,
        45795,
        46196,
        46597,
        46998,
        47399,
        47800,
        48201,
        48602,
        49003,
        49404,
        49805,
        50206,
        50607,
        51008,
        51409,
        51810,
        52211,
        52612,
        53013,
        53414,
        53815,
        54216,
        54818,
        55219,
        55620,
        56021,
        56422,
        56823,
        57224,
        57625,
        58026,
        58427,
        58828,
        59229,
        59630,
        60031,
        60432,
        60833,
        61234,
        61635,
        62036,
        62437,
        62838,
        63239,
        63640,
        64041,
        64442,
        64843,
        65244,
        65645,
        66247,
        66648,
        67049,
        67450,
        67851,
        68252
    ],
    "ks_significance": 0.001,
    "percentile": 92
}