{
    "model": "AE-LSTM",
    "online": true,
    "normality": 2,
    "datasets": [
        "MGAB/1.test.out",
        "OPPORTUNITY/S1-ADL1.test.csv@16.out"
    ],
    "series_length": 100000,
    "window": 49,
    "AUC": 0.48536307746834056,
    "Precision": 0.0034739454094292804,
    "Recall": 0.011784511784511785,
    "F": 0.005366040628593331,
    "Precision@k": 0.0,
    "Rprecision": 0.003444621091679915,
    "Rrecall": 0.18054421768707485,
    "Rf": 0.006760262463241978,
    "ExistenceReward": 0.6,
    "OverlapReward": 0.07568027210884354,
    "RAUC": 0.48936374920482284,
    "Accuracy": 0.9475757575757576,
    "confusion_matrix": [
        [
            93796,
            4016
        ],
        [
            1174,
            14
        ]
    ],
    "time": 1781.8913888931274
}