{
    "model": "OnlineEncDecAD",
    "online": true,
    "normality": 2,
    "datasets": [
        "MGAB/1.test.out",
        "Genesis/genesis-anomalies.test.csv@1.out"
    ],
    "series_length": 56220,
    "window": 49,
    "AUC": 0.6807480436156251,
    "Precision": 0.00948586605957124,
    "Recall": 0.45454545454545453,
    "F": 0.01858390633711206,
    "Precision@k": 0.0,
    "Rprecision": 0.002663847527579184,
    "Rrecall": 0.46052836052836055,
    "Rf": 0.0052970551457351385,
    "ExistenceReward": 0.6666666666666666,
    "OverlapReward": 0.408993783993784,
    "RAUC": 0.5642931731954776,
    "Accuracy": 0.906065457132693,
    "confusion_matrix": [
        [
            50889,
            5221
        ],
        [
            60,
            50
        ]
    ],
    "time": 413.03753328323364,
    "use_increm_learn": true,
    "use_drift_detect": true,
    "increm_idxs": [
        999,
        2405,
        3610,
        4610,
        5619,
        6824,
        7828,
        8828,
        9828,
        11043,
        12851,
        13855,
        14855,
        16467,
        17467,
        18467,
        19467,
        20467,
        21467,
        22467,
        23501,
        25108,
        26108,
        27318,
        28318,
        29318,
        30318,
        31739,
        32743,
        33743,
        34752,
        35752,
        36962,
        38167,
        39167,
        40167
    ],
    "drift_idxs": [
        0,
        1405,
        2610,
        4619,
        5824,
        6828,
        10043,
        11851,
        12855,
        15467,
        22501,
        24108,
        26318,
        30739,
        31743,
        33752,
        35962,
        37167,
        40181,
        40582,
        40983,
        41384,
        41785,
        42186,
        42587,
        42988,
        43590,
        43991,
        44392,
        44793,
        45194,
        45595,
        45996,
        46397,
        46798,
        47199,
        47600,
        48001,
        48402,
        48803,
        49204,
        49806,
        50207,
        50608,
        51009,
        51410,
        51811,
        52212,
        52814,
        53215,
        53616,
        54017,
        54418,
        54819,
        55421,
        55822
    ],
    "ks_significance": 0.001,
    "percentile": 92
}