{
    "model": "OnlineEncDecAD",
    "online": true,
    "normality": 2,
    "datasets": [
        "MGAB/1.test.out",
        "OPPORTUNITY/S1-ADL1.test.csv@16.out"
    ],
    "series_length": 90000,
    "window": 49,
    "AUC": 0.5823131326779483,
    "Precision": 0.03113961702918758,
    "Recall": 0.281986531986532,
    "F": 0.05608571906914448,
    "Precision@k": 0.0,
    "Rprecision": 0.0,
    "Rrecall": 0.0,
    "Rf": 0.0,
    "ExistenceReward": 0.0,
    "OverlapReward": 0.0,
    "RAUC": 0.530010467635198,
    "Accuracy": 0.8747111111111111,
    "confusion_matrix": [
        [
            78389,
            10423
        ],
        [
            853,
            335
        ]
    ],
    "time": 683.5702579021454,
    "use_increm_learn": true,
    "use_drift_detect": true,
    "increm_idxs": [
        999,
        2405,
        3610,
        4610,
        5619,
        6824,
        7828,
        8828,
        9828,
        11043,
        12851,
        13855,
        14855,
        16467,
        17467,
        18467,
        19467,
        20467,
        21467,
        22467,
        23501,
        25108,
        26108,
        27318,
        28318,
        29318,
        30318,
        31739,
        32743,
        33743,
        34752,
        35752,
        36962,
        38167,
        39167,
        40167,
        48201,
        52213,
        54821,
        55821,
        58835,
        61044,
        62044,
        79701
    ],
    "drift_idxs": [
        0,
        1405,
        2610,
        4619,
        5824,
        6828,
        10043,
        11851,
        12855,
        15467,
        22501,
        24108,
        26318,
        30739,
        31743,
        33752,
        35962,
        37167,
        40181,
        40582,
        40983,
        41384,
        41785,
        42186,
        42989,
        43591,
        43992,
        44594,
        44995,
        45396,
        45797,
        46198,
        46599,
        47201,
        48205,
        48606,
        49007,
        49609,
        50010,
        50411,
        50812,
        51213,
        52217,
        52618,
        53019,
        53420,
        53821,
        55830,
        56231,
        56632,
        57033,
        57434,
        57835,
        59643,
        60044,
        62455,
        62856,
        63257,
        63658,
        64461,
        65063,
        65464,
        65865,
        66266,
        66868,
        67269,
        67670,
        68071,
        68472,
        68873,
        69274,
        69675,
        70076,
        70477,
        71280,
        71681,
        72082,
        72483,
        73085,
        73486,
        74289,
        74891,
        75292,
        75693,
        76094,
        76495,
        76896,
        77297,
        77899,
        78300,
        78701,
        79906,
        80307,
        80708,
        81310,
        81711,
        82112,
        82513,
        82914,
        83315,
        83917,
        84318,
        84719,
        85120,
        85722,
        86123,
        86725,
        87327,
        87728,
        88129,
        88530,
        88931,
        89533,
        89934
    ],
    "ks_significance": 0.001,
    "percentile": 92
}