{
    "model": "OnlineEncDecAD",
    "online": true,
    "normality": 2,
    "datasets": [
        "MGAB/1.test.out",
        "YAHOO/Yahoo_A1real_1_data.out"
    ],
    "series_length": 41420,
    "window": 49,
    "AUC": 0.5123972582439096,
    "Precision": 0.001917282936181868,
    "Recall": 0.11290322580645161,
    "F": 0.003770535954753568,
    "Precision@k": 0.0,
    "Rprecision": 0.0008382140735081912,
    "Rrecall": 0.4800000000000001,
    "Rf": 0.001673505738553565,
    "ExistenceReward": 0.6,
    "OverlapReward": 0.45,
    "RAUC": 0.5366544581617051,
    "Accuracy": 0.9106953162723322,
    "confusion_matrix": [
        [
            37714,
            3644
        ],
        [
            55,
            7
        ]
    ],
    "time": 286.83427023887634,
    "use_increm_learn": true,
    "use_drift_detect": true,
    "increm_idxs": [
        999,
        2405,
        3610,
        4610,
        5619,
        6824,
        7828,
        8828,
        9828,
        11043,
        12851,
        13855,
        14855,
        16467,
        17467,
        18467,
        19467,
        20467,
        21467,
        22467,
        23501,
        25108,
        26108,
        27318,
        28318,
        29318,
        30318,
        31739,
        32743,
        33743,
        34752,
        35752,
        36962,
        38167,
        39167,
        40167
    ],
    "drift_idxs": [
        0,
        1405,
        2610,
        4619,
        5824,
        6828,
        10043,
        11851,
        12855,
        15467,
        22501,
        24108,
        26318,
        30739,
        31743,
        33752,
        35962,
        37167,
        40181,
        40582
    ],
    "ks_significance": 0.001,
    "percentile": 92
}