{
    "model": "OnlineEncDecAD",
    "online": true,
    "normality": 2,
    "datasets": [
        "MGAB/1.test.out",
        "NAB/NAB_data_Traffic_1.out"
    ],
    "series_length": 42499,
    "window": 49,
    "AUC": 0.5414306480537846,
    "Precision": 0.014218009478672985,
    "Recall": 0.16666666666666666,
    "F": 0.026200873362445413,
    "Precision@k": 0.0,
    "Rprecision": 0.016318253579400074,
    "Rrecall": 0.1894308943089431,
    "Rf": 0.030048059987916965,
    "ExistenceReward": 0.6666666666666666,
    "OverlapReward": 0.0701219512195122,
    "RAUC": 0.5238556468343016,
    "Accuracy": 0.9107979011270854,
    "confusion_matrix": [
        [
            38657,
            3536
        ],
        [
            255,
            51
        ]
    ],
    "time": 247.88869047164917,
    "use_increm_learn": true,
    "use_drift_detect": true,
    "increm_idxs": [
        999,
        2405,
        3610,
        4610,
        5619,
        6824,
        7828,
        8828,
        9828,
        11043,
        12851,
        13855,
        14855,
        16467,
        17467,
        18467,
        19467,
        20467,
        21467,
        22467,
        23501,
        25108,
        26108,
        27318,
        28318,
        29318,
        30318,
        31739,
        32743,
        33743,
        34752,
        35752,
        36962,
        38167,
        39167,
        40167,
        41582
    ],
    "drift_idxs": [
        0,
        1405,
        2610,
        4619,
        5824,
        6828,
        10043,
        11851,
        12855,
        15467,
        22501,
        24108,
        26318,
        30739,
        31743,
        33752,
        35962,
        37167,
        40181,
        40582,
        41586,
        41987,
        42388
    ],
    "ks_significance": 0.001,
    "percentile": 92
}