{
    "model": "OnlineEncDecAD",
    "online": true,
    "normality": 2,
    "datasets": [
        "MGAB/1.test.out",
        "SensorScope/stb-2.test.out"
    ],
    "series_length": 69553,
    "window": 49,
    "AUC": 0.6885769394473717,
    "Precision": 0.21340122670987155,
    "Recall": 0.4805837894188168,
    "F": 0.29556018592723193,
    "Precision@k": 0.0,
    "Rprecision": 0.0,
    "Rrecall": 0.0,
    "Rf": 0.0,
    "ExistenceReward": 0.0,
    "OverlapReward": 0.0,
    "RAUC": 0.6432738764882437,
    "Accuracy": 0.8736215547855593,
    "confusion_matrix": [
        [
            58919,
            6797
        ],
        [
            1993,
            1844
        ]
    ],
    "time": 426.62847781181335,
    "use_increm_learn": true,
    "use_drift_detect": true,
    "increm_idxs": [
        999,
        2405,
        3610,
        4610,
        5619,
        6824,
        7828,
        8828,
        9828,
        11043,
        12851,
        13855,
        14855,
        16467,
        17467,
        18467,
        19467,
        20467,
        21467,
        22467,
        23501,
        25108,
        26108,
        27318,
        28318,
        29318,
        30318,
        31739,
        32743,
        33743,
        34752,
        35752,
        36962,
        38167,
        39167,
        40167,
        56420,
        57420,
        58420,
        59420,
        60420,
        61420,
        62420,
        63420,
        64420,
        66067,
        68276,
        69276
    ],
    "drift_idxs": [
        0,
        1405,
        2610,
        4619,
        5824,
        6828,
        10043,
        11851,
        12855,
        15467,
        22501,
        24108,
        26318,
        30739,
        31743,
        33752,
        35962,
        37167,
        40181,
        40582,
        40983,
        41384,
        41785,
        42186,
        42587,
        42988,
        43389,
        43790,
        44191,
        44592,
        44993,
        45394,
        45795,
        46196,
        46597,
        46998,
        47399,
        47800,
        48201,
        48602,
        49003,
        49404,
        49805,
        50206,
        50607,
        51008,
        51409,
        51810,
        52211,
        52612,
        53013,
        53414,
        53815,
        54216,
        55019,
        55420,
        65067,
        66875,
        67276
    ],
    "ks_significance": 0.001,
    "percentile": 92
}