{
    "model": "OnlineEncDecAD",
    "online": true,
    "normality": 2,
    "datasets": [
        "MITDB/100.test.csv@1.out",
        "Occupancy/room-occupancy.train.csv@3.out"
    ],
    "series_length": 48143,
    "window": 285,
    "AUC": 0.7535678030174926,
    "Precision": 0.1280095871009914,
    "Recall": 0.6795835743204164,
    "F": 0.21543821048771541,
    "Precision@k": 0.0,
    "Rprecision": 0.0,
    "Rrecall": 0.0,
    "Rf": 0.0,
    "ExistenceReward": 0.0,
    "OverlapReward": 0.0,
    "RAUC": 0.7120746005067442,
    "Accuracy": 0.8222379162079638,
    "confusion_matrix": [
        [
            38410,
            8004
        ],
        [
            554,
            1175
        ]
    ],
    "time": 37.87989783287048,
    "use_increm_learn": true,
    "use_drift_detect": true,
    "increm_idxs": [
        6710,
        15848,
        21274
    ],
    "drift_idxs": [
        0,
        570,
        1141,
        1712,
        2283,
        3140,
        3997,
        4568,
        5139,
        5710,
        6853,
        7424,
        7995,
        8566,
        9423,
        9994,
        10565,
        11136,
        11707,
        12278,
        12849,
        13706,
        14277,
        14848,
        15991,
        16562,
        17133,
        17704,
        18275,
        19132,
        19703,
        20274,
        21417,
        21988,
        22845,
        23416,
        23987,
        24558,
        25415,
        25986,
        26557,
        27128,
        27699,
        28270,
        28841,
        29412,
        29983,
        30554,
        31125,
        31696,
        32267,
        32838,
        33409,
        33980,
        34551,
        35122,
        35693,
        36264,
        37121,
        37692,
        38263,
        38834,
        39405,
        39976,
        40833,
        41404,
        41975,
        42546,
        43117,
        43974,
        44545,
        45402,
        45973,
        46830,
        47401
    ],
    "ks_significance": 0.001,
    "percentile": 92
}