{
    "model": "EncDec-AD-Batch",
    "online": true,
    "normality": 2,
    "datasets": [
        "MITDB/100.test.csv@1.out",
        "Occupancy/room-occupancy.train.csv@3.out"
    ],
    "series_length": 46522,
    "window": 285,
    "AUC": 0.847731042260188,
    "Precision": 0.8946587537091988,
    "Recall": 0.38878143133462284,
    "F": 0.5420224719101123,
    "Precision@k": 0.38878143133462284,
    "Rprecision": 0.4333519013666072,
    "Rrecall": 0.6840298170318501,
    "Rf": 0.53057181251734,
    "ExistenceReward": 0.6842105263157895,
    "OverlapReward": 0.6839846397108652,
    "RAUC": 0.9582996345902728,
    "time": 205.03638911247253
}