{
    "model": "AE-LSTM",
    "online": true,
    "normality": 2,
    "datasets": [
        "NAB/NAB_data_Traffic_1.out",
        "YAHOO/Yahoo_A1real_1_data.out"
    ],
    "series_length": 3919,
    "window": 91,
    "AUC": 0.5972417675204053,
    "Precision": 0.34782608695652173,
    "Recall": 0.21052631578947367,
    "F": 0.26229508196721313,
    "Precision@k": 0.21052631578947367,
    "Rprecision": 0.1875,
    "Rrecall": 0.06951219512195123,
    "Rf": 0.10142348754448399,
    "ExistenceReward": 0.25,
    "OverlapReward": 0.024390243902439022,
    "RAUC": 0.5745973324079663,
    "Accuracy": 0.9537512846865365,
    "confusion_matrix": [
        [
            2760,
            45
        ],
        [
            90,
            24
        ]
    ],
    "time": 140.849933385849
}