{
    "model": "OnlineEncDecAD",
    "online": true,
    "normality": 2,
    "datasets": [
        "NAB/NAB_data_Traffic_1.out",
        "Genesis/genesis-anomalies.test.csv@1.out"
    ],
    "series_length": 18220,
    "window": 125,
    "AUC": 0.6598171845106668,
    "Precision": 0.050662061024755324,
    "Recall": 0.411214953271028,
    "F": 0.09021014864172218,
    "Precision@k": 0.0,
    "Rprecision": 0.011253992547245144,
    "Rrecall": 0.4648291545852521,
    "Rf": 0.021975925310327413,
    "ExistenceReward": 1.0,
    "OverlapReward": 0.33103644323156517,
    "RAUC": 0.6407113635709595,
    "Accuracy": 0.9025795828759605,
    "confusion_matrix": [
        [
            16357,
            1649
        ],
        [
            126,
            88
        ]
    ],
    "time": 360.0276925563812,
    "use_increm_learn": true,
    "use_drift_detect": true,
    "increm_idxs": [],
    "drift_idxs": [
        0,
        400,
        1203,
        1604,
        2005,
        2406,
        2807,
        3208,
        3609,
        4010,
        4411,
        4812,
        5213,
        5614,
        6015,
        6416,
        6817,
        7218,
        7619,
        8020,
        8421,
        8822,
        9424,
        9825,
        10226,
        10627,
        11028,
        11429,
        11830,
        12231,
        12632,
        13033,
        13635,
        14036,
        14437,
        14838,
        15239,
        15640,
        16041,
        16442,
        16843,
        17244,
        17645,
        18046
    ],
    "ks_significance": 0.001,
    "percentile": 92
}