{
    "model": "OnlineEncDecAD",
    "online": true,
    "normality": 2,
    "datasets": [
        "NAB/NAB_data_Traffic_1.out",
        "SensorScope/stb-2.test.out"
    ],
    "series_length": 31553,
    "window": 91,
    "AUC": 0.6736082968019929,
    "Precision": 0.3247121641915568,
    "Recall": 0.4937833037300178,
    "F": 0.3917857861888464,
    "Precision@k": 0.0,
    "Rprecision": 0.0,
    "Rrecall": 0.0,
    "Rf": 0.0,
    "ExistenceReward": 0.0,
    "OverlapReward": 0.0,
    "RAUC": 0.6908357550323895,
    "Accuracy": 0.8085126612366494,
    "confusion_matrix": [
        [
            23565,
            4047
        ],
        [
            1995,
            1946
        ]
    ],
    "time": 355.3974144458771,
    "use_increm_learn": true,
    "use_drift_detect": true,
    "increm_idxs": [
        18445,
        19445,
        20445,
        21445,
        22445,
        23445,
        24445,
        25445,
        26445,
        28092,
        29900,
        30900
    ],
    "drift_idxs": [
        0,
        400,
        1203,
        1604,
        2005,
        2406,
        2807,
        3208,
        3609,
        4010,
        4411,
        4812,
        5213,
        5614,
        6015,
        6416,
        6817,
        7218,
        7619,
        8221,
        8622,
        9023,
        9424,
        9825,
        10226,
        10627,
        11028,
        11429,
        11830,
        12231,
        12632,
        13033,
        13434,
        13835,
        14236,
        14637,
        15038,
        15439,
        15840,
        16241,
        17044,
        17445,
        27092,
        28900
    ],
    "ks_significance": 0.001,
    "percentile": 92
}