{
    "model": "OnlineEncDecAD",
    "online": true,
    "normality": 2,
    "datasets": [
        "NAB/NAB_data_Traffic_1.out",
        "GHL/01_Lev_fault_Temp_corr_seed_11_vars_23.test.csv@4.out"
    ],
    "series_length": 52000,
    "window": 91,
    "AUC": 0.5844756303821537,
    "Precision": 0.011181134376905875,
    "Recall": 0.35714285714285715,
    "F": 0.02168342203824167,
    "Precision@k": 0.0,
    "Rprecision": 0.0,
    "Rrecall": 0.0,
    "Rf": 0.0,
    "ExistenceReward": 0.0,
    "OverlapReward": 0.0,
    "RAUC": 0.6307210055993256,
    "Accuracy": 0.8091153846153846,
    "confusion_matrix": [
        [
            41964,
            9728
        ],
        [
            198,
            110
        ]
    ],
    "time": 655.7561233043671,
    "use_increm_learn": true,
    "use_drift_detect": true,
    "increm_idxs": [
        4208,
        5614,
        6819,
        13238,
        14644,
        20261,
        21466,
        26883,
        34907,
        35911,
        43132,
        44337,
        51157
    ],
    "drift_idxs": [
        0,
        400,
        1203,
        1604,
        2005,
        2406,
        2807,
        3208,
        4614,
        5819,
        6823,
        7626,
        8228,
        8629,
        9030,
        9431,
        9832,
        10233,
        10634,
        11035,
        11436,
        11837,
        12238,
        13644,
        14648,
        15451,
        16053,
        16454,
        16855,
        17256,
        17657,
        18058,
        18459,
        18860,
        19261,
        20466,
        21470,
        22273,
        22875,
        23477,
        23878,
        24279,
        24680,
        25081,
        25482,
        25883,
        26887,
        27288,
        27890,
        28291,
        28893,
        29495,
        30097,
        30699,
        31100,
        31501,
        31902,
        32303,
        32704,
        33105,
        33506,
        33907,
        34911,
        35915,
        36718,
        37320,
        37721,
        38122,
        38523,
        38924,
        39325,
        39726,
        40127,
        40528,
        40929,
        41330,
        41731,
        42132,
        43337,
        44341,
        45144,
        45545,
        45946,
        46548,
        46949,
        47350,
        47751,
        48152,
        48553,
        48954,
        49355,
        49756,
        50157,
        51161
    ],
    "ks_significance": 0.001,
    "percentile": 92
}