{
    "model": "OnlineEncDecAD",
    "online": true,
    "normality": 2,
    "datasets": [
        "NAB/NAB_data_Traffic_1.out",
        "SMD/machine-1-1.test.csv@1.out"
    ],
    "series_length": 30479,
    "window": 91,
    "AUC": 0.535599225738958,
    "Precision": 0.10330386226151698,
    "Recall": 0.6990902729181245,
    "F": 0.18000810847335463,
    "Precision@k": 0.0,
    "Rprecision": 0.0,
    "Rrecall": 0.0,
    "Rf": 0.0,
    "ExistenceReward": 0.0,
    "OverlapReward": 0.0,
    "RAUC": 0.5811454903112623,
    "Accuracy": 0.40276911972177565,
    "confusion_matrix": [
        [
            10278,
            17343
        ],
        [
            860,
            1998
        ]
    ],
    "time": 500.85802578926086,
    "use_increm_learn": true,
    "use_drift_detect": true,
    "increm_idxs": [],
    "drift_idxs": [
        0,
        400,
        1203,
        1604,
        2005,
        2406,
        2807,
        3208,
        3609,
        4010,
        4411,
        4812,
        5213,
        5614,
        6015,
        6416,
        6817,
        7218,
        7619,
        8020,
        8421,
        8822,
        9223,
        9624,
        10025,
        10426,
        10827,
        11228,
        11629,
        12030,
        12431,
        12832,
        13233,
        13634,
        14035,
        14436,
        14837,
        15238,
        15639,
        16040,
        16441,
        16842,
        17243,
        17644,
        18045,
        18446,
        18847,
        19248,
        19649,
        20050,
        20451,
        20852,
        21253,
        21654,
        22055,
        22456,
        22857,
        23258,
        23659,
        24060,
        24461,
        24862,
        25263,
        25664,
        26065,
        26466,
        26867,
        27268,
        27669,
        28070,
        28471,
        28872,
        29273,
        29674,
        30075
    ],
    "ks_significance": 0.001,
    "percentile": 92
}