{
    "model": "EncDec-AD",
    "online": false,
    "normality": 2,
    "datasets": [
        "NAB/NAB_data_Traffic_1.out",
        "SMD/machine-1-1.test.csv@1.out"
    ],
    "series_length": 30479,
    "window": 91,
    "AUC": 0.38828054708021903,
    "Precision": 0.38,
    "Recall": 0.006648005598320504,
    "F": 0.013067400275103162,
    "Precision@k": 0.006648005598320504,
    "Rprecision": 0.25,
    "Rrecall": 0.04975609756097561,
    "Rf": 0.08299430431244915,
    "ExistenceReward": 0.2,
    "OverlapReward": 0.012195121951219513,
    "RAUC": 0.45718261947751376,
    "time": 10.919130563735962
}