{
    "model": "OnlineEncDecAD",
    "online": true,
    "normality": 2,
    "datasets": [
        "NAB/NAB_data_Traffic_1.out",
        "OPPORTUNITY/S1-ADL1.test.csv@16.out"
    ],
    "series_length": 52000,
    "window": 41,
    "AUC": 0.5008781535805928,
    "Precision": 0.025138925641704155,
    "Recall": 0.14705882352941177,
    "F": 0.04293785310734463,
    "Precision@k": 0.0,
    "Rprecision": 0.0,
    "Rrecall": 0.0,
    "Rf": 0.0,
    "ExistenceReward": 0.0,
    "OverlapReward": 0.0,
    "RAUC": 0.5220857985992299,
    "Accuracy": 0.8371153846153846,
    "confusion_matrix": [
        [
            43340,
            7368
        ],
        [
            1102,
            190
        ]
    ],
    "time": 370.1726062297821,
    "use_increm_learn": true,
    "use_drift_detect": true,
    "increm_idxs": [
        10427,
        17248,
        20860,
        23068,
        33500,
        41725,
        48145,
        49149,
        50149
    ],
    "drift_idxs": [
        0,
        400,
        1203,
        1604,
        2005,
        2607,
        3410,
        3811,
        4413,
        5015,
        5617,
        6018,
        6620,
        7021,
        7422,
        7823,
        8224,
        8625,
        9026,
        9427,
        10431,
        10832,
        11434,
        11835,
        12236,
        12637,
        13038,
        13841,
        14242,
        14643,
        15044,
        15445,
        16248,
        17855,
        18256,
        18657,
        19058,
        19459,
        19860,
        21065,
        21667,
        22068,
        23675,
        24478,
        24879,
        25280,
        25681,
        26082,
        26483,
        26884,
        27285,
        27686,
        28288,
        28890,
        29291,
        29893,
        30294,
        30695,
        31297,
        31698,
        32099,
        32500,
        33504,
        33905,
        34306,
        34707,
        35510,
        35911,
        36312,
        36713,
        37114,
        37716,
        38318,
        38719,
        39120,
        39521,
        40324,
        40725,
        41729,
        42130,
        42531,
        42932,
        43534,
        44136,
        44537,
        44938,
        45339,
        46142,
        46744,
        47145,
        48149,
        50158,
        50559,
        50960,
        51361
    ],
    "ks_significance": 0.001,
    "percentile": 92
}