{
    "model": "OnlineEncDecAD",
    "online": true,
    "normality": 2,
    "datasets": [
        "NAB/NAB_data_Traffic_1.out",
        "YAHOO/Yahoo_A1real_1_data.out"
    ],
    "series_length": 3420,
    "window": 91,
    "AUC": 0.6112384386963959,
    "Precision": 0.12314225053078556,
    "Recall": 0.3493975903614458,
    "F": 0.18210361067503925,
    "Precision@k": 0.0,
    "Rprecision": 0.0,
    "Rrecall": 0.0,
    "Rf": 0.0,
    "ExistenceReward": 0.0,
    "OverlapReward": 0.0,
    "RAUC": 0.7317103466949861,
    "Accuracy": 0.8476608187134503,
    "confusion_matrix": [
        [
            2841,
            413
        ],
        [
            108,
            58
        ]
    ],
    "time": 32.047632694244385,
    "use_increm_learn": true,
    "use_drift_detect": true,
    "increm_idxs": [],
    "drift_idxs": [
        0,
        400,
        1203,
        1604,
        2005,
        2607
    ],
    "ks_significance": 0.001,
    "percentile": 92
}