{
    "model": "AE-LSTM",
    "online": true,
    "normality": 2,
    "datasets": [
        "Occupancy/room-occupancy.train.csv@3.out",
        "SVDB/801.test.csv@1.out"
    ],
    "series_length": 58143,
    "window": 125,
    "AUC": 0.5267418217046997,
    "Precision": 0.8078231292517006,
    "Recall": 0.0687932220572794,
    "F": 0.1267892295886023,
    "Precision@k": 0.0687932220572794,
    "Rprecision": 0.755858704149877,
    "Rrecall": 0.21473948160507642,
    "Rf": 0.3344591174350463,
    "ExistenceReward": 0.8371212121212122,
    "OverlapReward": 0.05914404897604248,
    "RAUC": 0.6905131455090375,
    "Accuracy": 0.5420086449783875,
    "confusion_matrix": [
        [
            29072,
            452
        ],
        [
            25719,
            1900
        ]
    ],
    "time": 2208.73401427269
}