{
    "model": "OnlineEncDecAD",
    "online": true,
    "normality": 2,
    "datasets": [
        "OPPORTUNITY/S1-ADL1.test.csv@16.out",
        "SMD/machine-1-1.test.csv@1.out"
    ],
    "series_length": 68479,
    "window": 35,
    "AUC": 0.6275947184484674,
    "Precision": 0.07791387801490088,
    "Recall": 0.5904306220095694,
    "F": 0.13766175814368586,
    "Precision@k": 0.0,
    "Rprecision": 0.0,
    "Rrecall": 0.0,
    "Rf": 0.0,
    "ExistenceReward": 0.0,
    "OverlapReward": 0.0,
    "RAUC": 0.6441182268546832,
    "Accuracy": 0.6613560361570701,
    "confusion_matrix": [
        [
            43438,
            21906
        ],
        [
            1284,
            1851
        ]
    ],
    "time": 807.4567930698395,
    "use_increm_learn": true,
    "use_drift_detect": true,
    "increm_idxs": [
        2202,
        5412,
        8823,
        11032,
        12032,
        24074,
        36107,
        37111
    ],
    "drift_idxs": [
        0,
        400,
        801,
        1202,
        2206,
        2607,
        3008,
        3409,
        3810,
        4412,
        5818,
        6219,
        6620,
        7021,
        7422,
        7823,
        9631,
        10032,
        12443,
        12844,
        13245,
        13646,
        14449,
        14850,
        15251,
        15652,
        16254,
        16856,
        17257,
        17658,
        18059,
        18460,
        18861,
        19463,
        20266,
        20667,
        21269,
        21670,
        22071,
        22673,
        23074,
        24279,
        24881,
        25282,
        25683,
        26084,
        26485,
        26886,
        27287,
        27889,
        28290,
        28691,
        29092,
        29493,
        29894,
        30295,
        30696,
        31097,
        31498,
        31899,
        32300,
        32701,
        33102,
        33503,
        33904,
        34305,
        34706,
        35107,
        36111,
        37316,
        37717,
        38118,
        38519,
        38920,
        39321,
        39722,
        40123,
        40524,
        40925,
        41326,
        41727,
        42128,
        42529,
        42930,
        43331,
        43732,
        44133,
        44534,
        44935,
        45336,
        45737,
        46138,
        46539,
        46940,
        47341,
        47742,
        48143,
        48544,
        48945,
        49346,
        49747,
        50148,
        50549,
        50950,
        51351,
        51953,
        52354,
        52755,
        53156,
        53557,
        53958,
        54359,
        54760,
        55161,
        55562,
        55963,
        56364,
        56765,
        57166,
        57567,
        57968,
        58369,
        58770,
        59171,
        59572,
        59973,
        60374,
        60775,
        61176,
        61577,
        61978,
        62379,
        62780,
        63382,
        63783,
        64184,
        64585,
        64986,
        65387,
        65788,
        66189,
        66590,
        66991,
        67392,
        67793,
        68194
    ],
    "ks_significance": 0.001,
    "percentile": 92
}