{
    "model": "AE-LSTM",
    "online": true,
    "normality": 2,
    "datasets": [
        "SensorScope/stb-2.test.out",
        "GHL/01_Lev_fault_Temp_corr_seed_11_vars_23.test.csv@4.out"
    ],
    "series_length": 79553,
    "window": 13,
    "AUC": 0.5261908219684137,
    "Precision": 0.107596807567248,
    "Recall": 0.09283346085182352,
    "F": 0.09967141292442497,
    "Precision@k": 0.09283346085182352,
    "Rprecision": 0.20662410215482843,
    "Rrecall": 0.19165167704318112,
    "Rf": 0.19885645958815237,
    "ExistenceReward": 0.875,
    "OverlapReward": 0.02081459630397637,
    "RAUC": 0.5209559111132746,
    "Accuracy": 0.9162858197649995,
    "confusion_matrix": [
        [
            71613,
            3019
        ],
        [
            3557,
            364
        ]
    ],
    "time": 3378.5525374412537
}