{
    "model": "OnlineEncDecAD",
    "online": true,
    "normality": 2,
    "datasets": [
        "SensorScope/stb-2.test.out",
        "Genesis/genesis-anomalies.test.csv@1.out"
    ],
    "series_length": 39863,
    "window": 13,
    "AUC": 0.7938243311543904,
    "Precision": 0.2505456132693147,
    "Recall": 0.7250526315789474,
    "F": 0.3724048442906574,
    "Precision@k": 0.0,
    "Rprecision": 0.0,
    "Rrecall": 0.0,
    "Rf": 0.0,
    "ExistenceReward": 0.0,
    "OverlapReward": 0.0,
    "RAUC": 0.800429602407898,
    "Accuracy": 0.8544013245365376,
    "confusion_matrix": [
        [
            32337,
            5151
        ],
        [
            653,
            1722
        ]
    ],
    "time": 332.89780473709106,
    "use_increm_learn": true,
    "use_drift_detect": true,
    "increm_idxs": [
        10624,
        11624,
        12624,
        13624,
        14624,
        15624,
        16624,
        17624,
        18624,
        20070,
        21070,
        22079,
        23079
    ],
    "drift_idxs": [
        0,
        400,
        801,
        1202,
        1603,
        2004,
        2405,
        2806,
        3207,
        3608,
        4009,
        4410,
        4811,
        5212,
        5613,
        6014,
        6415,
        6816,
        7418,
        7819,
        8220,
        8621,
        9223,
        9624,
        19070,
        21079,
        23691,
        24092,
        24694,
        25095,
        25496,
        25897,
        26298,
        26699,
        27100,
        27501,
        27902,
        28303,
        28704,
        29105,
        29908,
        30510,
        30911,
        31312,
        31713,
        32114,
        32515,
        32916,
        33317,
        33718,
        34119,
        34520,
        34921,
        35322,
        35723,
        36124,
        36525,
        36926,
        37327,
        37728,
        38330,
        38731,
        39132,
        39533
    ],
    "ks_significance": 0.001,
    "percentile": 92
}