{
    "model": "OnlineEncDecAD",
    "online": true,
    "normality": 2,
    "datasets": [
        "SensorScope/stb-2.test.out",
        "GHL/01_Lev_fault_Temp_corr_seed_11_vars_23.test.csv@4.out"
    ],
    "series_length": 73643,
    "window": 13,
    "AUC": 0.7694482109532014,
    "Precision": 0.11440251572327044,
    "Recall": 0.736735520453625,
    "F": 0.1980510642931025,
    "Precision@k": 0.0,
    "Rprecision": 0.0,
    "Rrecall": 0.0,
    "Rf": 0.0,
    "ExistenceReward": 0.0,
    "OverlapReward": 0.0,
    "RAUC": 0.7749737849675187,
    "Accuracy": 0.7999674103444998,
    "confusion_matrix": [
        [
            57093,
            14081
        ],
        [
            650,
            1819
        ]
    ],
    "time": 640.1650636196136,
    "use_increm_learn": true,
    "use_drift_detect": true,
    "increm_idxs": [
        10624,
        11624,
        12624,
        13624,
        14624,
        15624,
        16624,
        17624,
        18624,
        20070,
        21070,
        22079,
        23079,
        25894,
        35123,
        36328,
        41946,
        43151,
        48568,
        49572,
        56595,
        64620,
        66026,
        72646
    ],
    "drift_idxs": [
        0,
        400,
        801,
        1202,
        1603,
        2004,
        2405,
        2806,
        3207,
        3608,
        4009,
        4410,
        4811,
        5212,
        5613,
        6014,
        6415,
        6816,
        7418,
        7819,
        8220,
        8621,
        9223,
        9624,
        19070,
        21079,
        23691,
        24092,
        24493,
        24894,
        26099,
        26500,
        27303,
        27704,
        28306,
        28707,
        29309,
        29911,
        30513,
        31115,
        31516,
        31917,
        32318,
        32920,
        33321,
        33722,
        34123,
        35328,
        36332,
        37135,
        37737,
        38339,
        38740,
        39342,
        39743,
        40144,
        40545,
        40946,
        42151,
        43155,
        43958,
        44560,
        44961,
        45563,
        45964,
        46365,
        46766,
        47167,
        47568,
        48572,
        49576,
        50379,
        51182,
        51784,
        52185,
        52586,
        53389,
        53991,
        54392,
        54793,
        55194,
        55595,
        56599,
        57402,
        57803,
        58405,
        59007,
        59609,
        60211,
        60612,
        61013,
        61414,
        62016,
        62417,
        62818,
        63219,
        63620,
        65026,
        66030,
        66833,
        67435,
        67836,
        68438,
        68839,
        69240,
        69641,
        70042,
        70443,
        70844,
        71245,
        71646,
        72851
    ],
    "ks_significance": 0.001,
    "percentile": 92
}