{
    "model": "OnlineEncDecAD",
    "online": true,
    "normality": 2,
    "datasets": [
        "SensorScope/stb-2.test.out",
        "OPPORTUNITY/S1-ADL1.test.csv@16.out"
    ],
    "series_length": 73643,
    "window": 13,
    "AUC": 0.734684755997405,
    "Precision": 0.17064572985098542,
    "Recall": 0.6168549087749783,
    "F": 0.26733605271415123,
    "Precision@k": 0.0,
    "Rprecision": 0.0,
    "Rrecall": 0.0,
    "Rf": 0.0,
    "ExistenceReward": 0.0,
    "OverlapReward": 0.0,
    "RAUC": 0.7381007460798699,
    "Accuracy": 0.8414649050147333,
    "confusion_matrix": [
        [
            59838,
            10352
        ],
        [
            1323,
            2130
        ]
    ],
    "time": 695.826450586319,
    "use_increm_learn": true,
    "use_drift_detect": true,
    "increm_idxs": [
        10624,
        11624,
        12624,
        13624,
        14624,
        15624,
        16624,
        17624,
        18624,
        20070,
        21070,
        22079,
        23079,
        24691,
        26498,
        38933,
        42745,
        43749,
        44753,
        63607,
        69826,
        70830
    ],
    "drift_idxs": [
        0,
        400,
        801,
        1202,
        1603,
        2004,
        2405,
        2806,
        3207,
        3608,
        4009,
        4410,
        4811,
        5212,
        5613,
        6014,
        6415,
        6816,
        7418,
        7819,
        8220,
        8621,
        9223,
        9624,
        19070,
        21079,
        23691,
        25097,
        25498,
        26703,
        27104,
        27505,
        27906,
        28307,
        28708,
        29109,
        29510,
        29911,
        30312,
        30713,
        31315,
        31917,
        32318,
        32719,
        33120,
        33521,
        33922,
        34323,
        34724,
        35527,
        35928,
        36329,
        36730,
        37131,
        37532,
        37933,
        39339,
        39740,
        40141,
        40542,
        40943,
        41344,
        41745,
        42749,
        43753,
        45360,
        46163,
        46966,
        47367,
        47768,
        48169,
        48570,
        48971,
        49372,
        49773,
        50174,
        50575,
        50976,
        51578,
        51979,
        52380,
        52781,
        53182,
        53583,
        54185,
        54586,
        55188,
        55589,
        55990,
        56391,
        56993,
        57394,
        57795,
        58196,
        58597,
        58998,
        59399,
        59800,
        60201,
        60602,
        61003,
        61404,
        61805,
        62206,
        62607,
        63611,
        64213,
        64815,
        65216,
        65818,
        66219,
        66620,
        67021,
        67422,
        67823,
        68425,
        68826,
        69830,
        71437,
        71838,
        72239,
        72640,
        73041,
        73442
    ],
    "ks_significance": 0.001,
    "percentile": 92
}