{
    "model": "SAND",
    "online": true,
    "normality": 2,
    "datasets": [
        "SensorScope/stb-2.test.out",
        "SVDB/801.test.csv@1.out"
    ],
    "series_length": 79553,
    "window": 13,
    "AUC": 0.46492287206930427,
    "Precision": 0.058823529411764705,
    "Recall": 3.350308228357009e-05,
    "F": 6.696802276912773e-05,
    "Precision@k": 3.350308228357009e-05,
    "Rprecision": 0.030303030303030304,
    "Rrecall": 0.0008198717428362692,
    "Rf": 0.0015965476632707096,
    "ExistenceReward": 0.003937007874015748,
    "OverlapReward": 4.0587710041399465e-05,
    "RAUC": 0.49187556005909594,
    "time": 13.73519253730774
}