{
    "model": "OnlineEncDecAD",
    "online": true,
    "normality": 2,
    "datasets": [
        "YAHOO/Yahoo_A1real_1_data.out",
        "Genesis/genesis-anomalies.test.csv@1.out"
    ],
    "series_length": 17356,
    "window": 125,
    "AUC": 0.9021524591912943,
    "Precision": 0.020106688551497744,
    "Recall": 0.9423076923076923,
    "F": 0.03937324226597027,
    "Precision@k": 0.0,
    "Rprecision": 0.0,
    "Rrecall": 0.0,
    "Rf": 0.0,
    "ExistenceReward": 0.0,
    "OverlapReward": 0.0,
    "RAUC": 0.7479337255543341,
    "Accuracy": 0.8622378428209265,
    "confusion_matrix": [
        [
            14916,
            2388
        ],
        [
            3,
            49
        ]
    ],
    "time": 334.21715569496155,
    "use_increm_learn": true,
    "use_drift_detect": true,
    "increm_idxs": [
        999
    ],
    "drift_idxs": [
        0,
        1003,
        1404,
        1805,
        2206,
        2607,
        3008,
        3409,
        3810,
        4211,
        4612,
        5013,
        5414,
        5815,
        6417,
        6818,
        7219,
        7620,
        8021,
        8422,
        8823,
        9224,
        9625,
        10227,
        10628,
        11029,
        11430,
        11831,
        12232,
        12633,
        13034,
        13435,
        13836,
        14237,
        14638,
        15039,
        15440,
        15841,
        16242,
        16643,
        17044
    ],
    "ks_significance": 0.001,
    "percentile": 92
}