{
    "model": "OnlineEncDecAD",
    "online": true,
    "normality": 2,
    "datasets": [
        "YAHOO/Yahoo_A1real_1_data.out",
        "GHL/01_Lev_fault_Temp_corr_seed_11_vars_23.test.csv@4.out"
    ],
    "series_length": 51136,
    "window": 125,
    "AUC": 0.8938223181015885,
    "Precision": 0.013304173501002369,
    "Recall": 1.0,
    "F": 0.026258992805755395,
    "Precision@k": 0.0,
    "Rprecision": 0.0,
    "Rrecall": 0.0,
    "Rf": 0.0,
    "ExistenceReward": 0.0,
    "OverlapReward": 0.0,
    "RAUC": 0.8258864506999013,
    "Accuracy": 0.7882509386733417,
    "confusion_matrix": [
        [
            40162,
            10828
        ],
        [
            0,
            146
        ]
    ],
    "time": 758.4022741317749,
    "use_increm_learn": true,
    "use_drift_detect": true,
    "increm_idxs": [
        999,
        3206,
        12435,
        13841,
        19258,
        20664,
        26081,
        27085,
        33906,
        42332,
        43537,
        50157
    ],
    "drift_idxs": [
        0,
        1003,
        1404,
        1805,
        2206,
        3612,
        4013,
        4816,
        5217,
        5819,
        6220,
        6822,
        7424,
        8026,
        8628,
        9029,
        9430,
        9831,
        10232,
        10633,
        11034,
        11435,
        12841,
        13845,
        14648,
        15250,
        15852,
        16253,
        16654,
        17055,
        17456,
        17857,
        18258,
        19664,
        20668,
        21471,
        22073,
        22675,
        23076,
        23477,
        23878,
        24279,
        24680,
        25081,
        26085,
        27089,
        27892,
        28695,
        29297,
        29698,
        30099,
        30500,
        30901,
        31302,
        31703,
        32104,
        32505,
        32906,
        34111,
        34914,
        35315,
        35917,
        36519,
        37121,
        37723,
        38124,
        38525,
        38926,
        39327,
        39728,
        40129,
        40530,
        40931,
        41332,
        42537,
        43541,
        44344,
        45147,
        45548,
        45949,
        46350,
        46751,
        47152,
        47553,
        47954,
        48355,
        48756,
        49157,
        50362
    ],
    "ks_significance": 0.001,
    "percentile": 92
}