{
    "model": "OnlineEncDecAD",
    "online": true,
    "normality": 2,
    "datasets": [
        "YAHOO/Yahoo_A1real_1_data.out",
        "OPPORTUNITY/S1-ADL1.test.csv@16.out"
    ],
    "series_length": 51136,
    "window": 28,
    "AUC": 0.534616058462365,
    "Precision": 0.03189853958493467,
    "Recall": 0.22035398230088496,
    "F": 0.055729632945389435,
    "Precision@k": 0.0,
    "Rprecision": 0.0,
    "Rrecall": 0.0,
    "Rf": 0.0,
    "ExistenceReward": 0.0,
    "OverlapReward": 0.0,
    "RAUC": 0.5494954788490479,
    "Accuracy": 0.8349890488110138,
    "confusion_matrix": [
        [
            42449,
            7557
        ],
        [
            881,
            249
        ]
    ],
    "time": 493.48588705062866,
    "use_increm_learn": true,
    "use_drift_detect": true,
    "increm_idxs": [
        999,
        16445,
        19856,
        21262,
        22266,
        23266,
        48341,
        49341
    ],
    "drift_idxs": [
        0,
        1003,
        1404,
        2207,
        2608,
        3009,
        3611,
        4213,
        4815,
        5216,
        5818,
        6219,
        6620,
        7021,
        7422,
        7823,
        8224,
        8826,
        9227,
        9628,
        10029,
        10631,
        11032,
        11433,
        11834,
        12235,
        13038,
        13439,
        13840,
        14241,
        14843,
        15445,
        16851,
        17252,
        17653,
        18054,
        18455,
        18856,
        20262,
        21266,
        23677,
        24480,
        24881,
        25282,
        25683,
        26084,
        26485,
        26886,
        27287,
        27688,
        28089,
        28490,
        28891,
        29292,
        29693,
        30094,
        30495,
        31097,
        31699,
        32100,
        32702,
        33103,
        33504,
        33905,
        34708,
        35109,
        35510,
        35911,
        36513,
        36914,
        37315,
        37716,
        38117,
        38518,
        38919,
        39320,
        39721,
        40122,
        40523,
        40924,
        41325,
        41726,
        42127,
        42528,
        42929,
        43330,
        43731,
        44132,
        44533,
        44934,
        45335,
        45736,
        46137,
        46538,
        47341,
        49350,
        49751,
        50152,
        50553,
        50954
    ],
    "ks_significance": 0.001,
    "percentile": 92
}