{
    "model": "OnlineEncDecAD",
    "online": true,
    "normality": 1,
    "datasets": [
        "Daphnet/S01R02E0.test.csv@1.out"
    ],
    "series_length": 23040,
    "window": 70,
    "AUC": 0.4827339344199827,
    "Precision": 0.04553339115351258,
    "Recall": 0.06787330316742081,
    "F": 0.05450298468725668,
    "Precision@k": 0.0,
    "Rprecision": 0.0,
    "Rrecall": 0.0,
    "Rf": 0.0,
    "ExistenceReward": 0.0,
    "OverlapReward": 0.0,
    "RAUC": 0.4931378065373195,
    "Accuracy": 0.8418836805555555,
    "confusion_matrix": [
        [
            19292,
            2201
        ],
        [
            1442,
            105
        ]
    ],
    "time": 161.05508852005005,
    "use_increm_learn": true,
    "use_drift_detect": true,
    "increm_idxs": [
        999,
        1999,
        3209,
        4209,
        5821,
        8029,
        9029,
        10038,
        11038,
        12038,
        13038,
        14258,
        15258,
        16258,
        18276
    ],
    "drift_idxs": [
        0,
        2209,
        4821,
        5825,
        6628,
        7029,
        9038,
        13258,
        16875,
        17276,
        19084,
        19485,
        20087,
        20488,
        21291,
        22094,
        22495
    ],
    "ks_significance": 0.001
}