{
    "model": "EncDec-AD-Batch",
    "online": true,
    "normality": 1,
    "datasets": [
        "Dodgers/101-freeway-traffic.test.out"
    ],
    "series_length": 40320,
    "window": 288,
    "AUC": 0.5574316068814943,
    "Precision": 0.05162523900573614,
    "Recall": 0.006126616746085773,
    "F": 0.010953346855983773,
    "Precision@k": 0.006126616746085773,
    "Rprecision": 0.05134124890061565,
    "Rrecall": 0.03380146657923599,
    "Rf": 0.04076472071791198,
    "ExistenceReward": 0.14814814814814814,
    "OverlapReward": 0.005214796187007946,
    "RAUC": 0.815192741946311,
    "time": 197.68420577049255
}