{
    "model": "SAND",
    "online": true,
    "normality": 1,
    "datasets": [
        "Dodgers/101-freeway-traffic.test.out"
    ],
    "series_length": 50400,
    "window": 288,
    "AUC": 0.7590195969404542,
    "Precision": 0.9857549857549858,
    "Recall": 0.0616535994297933,
    "F": 0.11604896863994635,
    "Precision@k": 0.0616535994297933,
    "Rprecision": 0.7420382165605095,
    "Rrecall": 0.012317814555246375,
    "Rf": 0.024233356048015818,
    "ExistenceReward": 0.022556390977443608,
    "OverlapReward": 0.009758170449697064,
    "RAUC": 0.8493307464693571,
    "time": 22.58207106590271
}