{
    "model": "OnlineEncDecAD",
    "online": true,
    "normality": 1,
    "datasets": [
        "Dodgers/101-freeway-traffic.test.out"
    ],
    "series_length": 40320,
    "window": 288,
    "AUC": 0.46005190988163414,
    "Precision": 0.047041605686807444,
    "Recall": 0.04801536491677337,
    "F": 0.04752349772943289,
    "Precision@k": 0.0,
    "Rprecision": 0.0,
    "Rrecall": 0.0,
    "Rf": 0.0,
    "ExistenceReward": 0.0,
    "OverlapReward": 0.0,
    "RAUC": 0.6823048922108699,
    "Accuracy": 0.7763144841269841,
    "confusion_matrix": [
        [
            31076,
            4558
        ],
        [
            4461,
            225
        ]
    ],
    "time": 165.21357607841492,
    "use_increm_learn": true,
    "use_drift_detect": true,
    "increm_idxs": [
        1576,
        5906,
        7638,
        9371,
        11681,
        21782,
        23803,
        29864,
        32174,
        34195,
        35927,
        37948,
        39969
    ],
    "drift_idxs": [
        0,
        576,
        2020,
        2597,
        3174,
        4040,
        4906,
        6061,
        6638,
        8371,
        10104,
        10681,
        12125,
        12702,
        13279,
        14145,
        14722,
        15299,
        16165,
        16742,
        17319,
        17896,
        18473,
        19339,
        19916,
        20782,
        22226,
        22803,
        24247,
        24824,
        25401,
        26267,
        27133,
        27710,
        28287,
        28864,
        30308,
        31174,
        32329,
        33195,
        34350,
        34927,
        36371,
        36948,
        38392,
        38969
    ],
    "ks_significance": 0.001
}