{
    "model": "OnlineEncDecAD",
    "online": true,
    "normality": 1,
    "datasets": [
        "ECG/MBA_ECG803_data.out"
    ],
    "series_length": 80000,
    "window": 125,
    "AUC": 0.7225424752278901,
    "Precision": 0.2101884012209241,
    "Recall": 0.5434013605442177,
    "F": 0.3031268973891925,
    "Precision@k": 0.0,
    "Rprecision": 0.0,
    "Rrecall": 0.0,
    "Rf": 0.0,
    "ExistenceReward": 0.0,
    "OverlapReward": 0.0,
    "RAUC": 0.653110868956148,
    "Accuracy": 0.885225,
    "confusion_matrix": [
        [
            68821,
            7504
        ],
        [
            1678,
            1997
        ]
    ],
    "time": 1254.491890668869,
    "use_increm_learn": true,
    "use_drift_detect": true,
    "increm_idxs": [
        999,
        1999,
        6419,
        12237,
        14045,
        15651,
        30095,
        51759,
        54569,
        57378,
        66006,
        70019,
        77241,
        79449
    ],
    "drift_idxs": [
        0,
        2611,
        3012,
        3614,
        4015,
        4617,
        5018,
        5419,
        6624,
        7025,
        7627,
        8028,
        8630,
        9031,
        9633,
        10034,
        10435,
        10836,
        11237,
        13045,
        14049,
        14651,
        16258,
        16659,
        17261,
        17662,
        18063,
        18464,
        18865,
        19266,
        19667,
        20269,
        20670,
        21071,
        21472,
        21873,
        22475,
        22876,
        23478,
        24080,
        24481,
        24882,
        25484,
        25885,
        26286,
        26888,
        27490,
        27891,
        28493,
        29095,
        30099,
        30500,
        31303,
        31905,
        32507,
        32908,
        33510,
        34112,
        34513,
        35115,
        35516,
        36118,
        36519,
        37121,
        37522,
        37923,
        38324,
        39127,
        39528,
        39929,
        40531,
        40932,
        41333,
        41734,
        42135,
        42536,
        43138,
        43740,
        44141,
        44542,
        44943,
        45344,
        45745,
        46146,
        46547,
        46948,
        47349,
        47750,
        48553,
        48954,
        49355,
        49756,
        50358,
        50759,
        51964,
        52566,
        52967,
        53569,
        54573,
        54974,
        55576,
        55977,
        56378,
        57382,
        58185,
        58586,
        58987,
        59388,
        59789,
        60391,
        60792,
        61595,
        62398,
        63000,
        63401,
        64003,
        64404,
        65006,
        66010,
        66612,
        67013,
        67414,
        67815,
        68417,
        69019,
        70224,
        70625,
        71026,
        71628,
        72029,
        72631,
        73032,
        73433,
        73834,
        74436,
        74837,
        75238,
        75639,
        76241,
        77245,
        77646,
        78449,
        79453,
        79854
    ],
    "ks_significance": 0.001
}