{
    "model": "AE-LSTM",
    "online": true,
    "normality": 1,
    "datasets": [
        "GHL/01_Lev_fault_Temp_corr_seed_11_vars_23.test.csv@4.out"
    ],
    "series_length": 100000,
    "window": 125,
    "AUC": 0.4900511855628389,
    "Precision": 0.0,
    "Recall": 0.0,
    "F": 0.0,
    "Precision@k": 0.0,
    "Rprecision": 0.0,
    "Rrecall": 0.0,
    "Rf": 0.0,
    "ExistenceReward": 0.0,
    "OverlapReward": 0.0,
    "RAUC": 0.49031413945973384,
    "Accuracy": 0.9786767676767677,
    "confusion_matrix": [
        [
            96889,
            1967
        ],
        [
            144,
            0
        ]
    ],
    "time": 4254.930861949921
}