{
    "model": "EncDec-AD-Batch",
    "online": true,
    "normality": 1,
    "datasets": [
        "GHL/01_Lev_fault_Temp_corr_seed_11_vars_23.test.csv@4.out"
    ],
    "series_length": 80000,
    "window": 125,
    "AUC": 0.9901625877969233,
    "Precision": 0.09223300970873786,
    "Recall": 0.9236111111111112,
    "F": 0.1677175283732661,
    "Precision@k": 0.9236111111111112,
    "Rprecision": 0.1146551724137931,
    "Rrecall": 0.9388888888888889,
    "Rf": 0.2043549413583053,
    "ExistenceReward": 1.0,
    "OverlapReward": 0.9236111111111112,
    "RAUC": 0.9843462248514275,
    "time": 330.3186843395233
}