{
    "model": "OnlineEncDecAD",
    "online": true,
    "normality": 1,
    "datasets": [
        "GHL/01_Lev_fault_Temp_corr_seed_11_vars_23.test.csv@4.out"
    ],
    "series_length": 80000,
    "window": 125,
    "AUC": 0.7782522429261559,
    "Precision": 0.006298504105274997,
    "Recall": 0.7777777777777778,
    "F": 0.012495816132991186,
    "Precision@k": 0.0,
    "Rprecision": 0.0,
    "Rrecall": 0.0,
    "Rf": 0.0,
    "ExistenceReward": 0.0,
    "OverlapReward": 0.0,
    "RAUC": 0.8093668380558469,
    "Accuracy": 0.778725,
    "confusion_matrix": [
        [
            62186,
            17670
        ],
        [
            32,
            112
        ]
    ],
    "time": 1290.5881562232971,
    "use_increm_learn": true,
    "use_drift_detect": true,
    "increm_idxs": [
        4608,
        6014,
        21260,
        29285,
        38312,
        39517,
        45134,
        46339,
        52758,
        53762,
        60983,
        68205,
        74023,
        75228
    ],
    "drift_idxs": [
        0,
        400,
        801,
        1202,
        1603,
        2004,
        2405,
        2806,
        3207,
        3608,
        5014,
        6018,
        6821,
        7423,
        7824,
        8225,
        8626,
        9027,
        9428,
        9829,
        10230,
        10631,
        11032,
        11433,
        12035,
        12838,
        13239,
        13841,
        14644,
        15447,
        16049,
        16651,
        17052,
        17453,
        17854,
        18255,
        18656,
        19057,
        19458,
        19859,
        20260,
        21264,
        21665,
        22468,
        23271,
        23873,
        24475,
        25077,
        25478,
        25879,
        26280,
        26681,
        27082,
        27483,
        27884,
        28285,
        29289,
        30092,
        30493,
        31095,
        31697,
        32500,
        32901,
        33302,
        33703,
        34104,
        34505,
        34906,
        35307,
        35708,
        36109,
        36510,
        36911,
        37312,
        38517,
        39521,
        40324,
        40926,
        41327,
        41728,
        42129,
        42530,
        42931,
        43332,
        43733,
        44134,
        45339,
        46343,
        47146,
        47748,
        48149,
        48550,
        48951,
        49352,
        49753,
        50154,
        50555,
        50956,
        51357,
        51758,
        52762,
        53766,
        54569,
        55171,
        55572,
        55973,
        56374,
        56775,
        57176,
        57577,
        57978,
        58379,
        58780,
        59181,
        59582,
        59983,
        60987,
        61388,
        62191,
        62994,
        63596,
        63997,
        64398,
        64799,
        65200,
        65601,
        66002,
        66403,
        66804,
        67205,
        68410,
        69213,
        69614,
        70015,
        70617,
        71018,
        71419,
        71820,
        72221,
        72622,
        73023,
        74228,
        75232,
        76035,
        76637,
        77239,
        77640,
        78041,
        78442,
        78843,
        79244,
        79645
    ],
    "ks_significance": 0.001
}