{
    "model": "SAND",
    "online": true,
    "normality": 1,
    "datasets": [
        "IOPS/KPI-1c6d7a26-1f1a-3321-bb4d-7a9d969ec8f0.test.out"
    ],
    "series_length": 100000,
    "window": 125,
    "AUC": 0.5222718544457533,
    "Precision": 0.0,
    "Recall": 0.0,
    "F": 0.0,
    "Precision@k": 0.0,
    "Rprecision": 0.0,
    "Rrecall": 0.0,
    "Rf": 0.0,
    "ExistenceReward": 0.0,
    "OverlapReward": 0.0,
    "RAUC": 0.539041376372653,
    "time": 43.93403363227844
}