{
    "model": "EncDec-AD-Batch",
    "online": true,
    "normality": 1,
    "datasets": [
        "IOPS/KPI-1c6d7a26-1f1a-3321-bb4d-7a9d969ec8f0.test.out"
    ],
    "series_length": 80000,
    "window": 125,
    "AUC": 0.7228015384644295,
    "Precision": 0.2700534759358289,
    "Recall": 0.23598130841121495,
    "F": 0.2518703241895262,
    "Precision@k": 0.23598130841121495,
    "Rprecision": 0.22426778242677825,
    "Rrecall": 0.2873239111329991,
    "Rf": 0.251909861708719,
    "ExistenceReward": 0.6857142857142857,
    "OverlapReward": 0.1877263174876774,
    "RAUC": 0.8413208991485845,
    "time": 336.96234345436096
}