{
    "model": "EncDec-AD",
    "online": false,
    "normality": 1,
    "datasets": [
        "IOPS/KPI-1c6d7a26-1f1a-3321-bb4d-7a9d969ec8f0.test.out"
    ],
    "series_length": 80000,
    "window": 125,
    "AUC": 0.7272500770483734,
    "Precision": 1.0,
    "Recall": 0.2047244094488189,
    "F": 0.3398692810457516,
    "Precision@k": 0.2047244094488189,
    "Rprecision": 1.0,
    "Rrecall": 0.2538866806343923,
    "Rf": 0.40495953032365045,
    "ExistenceReward": 0.65625,
    "OverlapReward": 0.15329585079299035,
    "RAUC": 0.8147579726210383,
    "time": 311.7953486442566
}