{
    "model": "OnlineEncDecAD",
    "online": true,
    "normality": 1,
    "datasets": [
        "KDD21/001_UCR_Anomaly_DISTORTED1sddb40_35000_52000_52620.out"
    ],
    "series_length": 63836,
    "window": 208,
    "AUC": 0.6272199361533626,
    "Precision": 0.027609119028525603,
    "Recall": 0.38870967741935486,
    "F": 0.05155631618354905,
    "Precision@k": 0.0,
    "Rprecision": 0.0,
    "Rrecall": 0.0,
    "Rf": 0.0,
    "ExistenceReward": 0.0,
    "OverlapReward": 0.0,
    "RAUC": 0.6077609627161155,
    "Accuracy": 0.86109718654051,
    "confusion_matrix": [
        [
            54728,
            8488
        ],
        [
            379,
            241
        ]
    ],
    "time": 181.38488841056824,
    "use_increm_learn": true,
    "use_drift_detect": true,
    "increm_idxs": [
        2042,
        3086,
        7676,
        12475,
        15397,
        22490,
        27080,
        31463,
        32463,
        37725,
        38725,
        41483,
        42527,
        50246,
        52960,
        59010
    ],
    "drift_idxs": [
        0,
        625,
        1042,
        2086,
        3339,
        3756,
        4173,
        4590,
        5216,
        5633,
        6259,
        6676,
        7720,
        8137,
        8554,
        8971,
        9388,
        10014,
        10640,
        11475,
        12728,
        13563,
        13980,
        14397,
        15441,
        15858,
        16275,
        16692,
        17527,
        17944,
        18570,
        18987,
        19404,
        19821,
        20238,
        20864,
        21490,
        22743,
        23160,
        23577,
        23994,
        24411,
        24828,
        25245,
        26080,
        27960,
        28377,
        29212,
        29629,
        30046,
        30463,
        33179,
        33596,
        34013,
        34430,
        34847,
        35264,
        36099,
        36725,
        39023,
        39649,
        40066,
        40483,
        41527,
        42571,
        43197,
        43614,
        44031,
        44866,
        45283,
        45700,
        46117,
        46743,
        47369,
        47995,
        48412,
        48829,
        49246,
        50708,
        51125,
        51960,
        53004,
        53421,
        53838,
        54255,
        54672,
        55089,
        55506,
        55923,
        56758,
        57384,
        58010,
        59263,
        59680,
        60097,
        60514,
        61140,
        61557,
        61974,
        62391,
        62808
    ],
    "ks_significance": 0.001
}