{
    "model": "AE-LSTM",
    "online": true,
    "normality": 1,
    "datasets": [
        "KDD21/001_UCR_Anomaly_DISTORTED1sddb40_35000_52000_52620.out"
    ],
    "series_length": 79795,
    "window": 208,
    "AUC": 0.49405644903390866,
    "Precision": 0.006701771182383916,
    "Recall": 0.06774193548387097,
    "F": 0.012196892696384494,
    "Precision@k": 0.0,
    "Rprecision": 0.00411522633744856,
    "Rrecall": 0.2270967741935484,
    "Rf": 0.008083962979124084,
    "ExistenceReward": 1.0,
    "OverlapReward": 0.03387096774193549,
    "RAUC": 0.4912977823210324,
    "Accuracy": 0.9136620343930453,
    "confusion_matrix": [
        [
            71950,
            6225
        ],
        [
            578,
            42
        ]
    ],
    "time": 7962.931024551392
}