{
    "model": "OnlineEncDecAD",
    "online": true,
    "normality": 1,
    "datasets": [
        "MGAB/1.test.out"
    ],
    "series_length": 80000,
    "window": 49,
    "AUC": 0.5170802005012531,
    "Precision": 0.0035526722273710224,
    "Recall": 0.115,
    "F": 0.0068924183398261915,
    "Precision@k": 0.0,
    "Rprecision": 0.002294035507680032,
    "Rrecall": 0.152,
    "Rf": 0.004519855819702227,
    "ExistenceReward": 0.3,
    "OverlapReward": 0.11499999999999999,
    "RAUC": 0.5095776092386315,
    "Accuracy": 0.91715,
    "confusion_matrix": [
        [
            73349,
            6451
        ],
        [
            177,
            23
        ]
    ],
    "time": 534.4477663040161,
    "use_increm_learn": true,
    "use_drift_detect": true,
    "increm_idxs": [
        2203,
        3207,
        4211,
        5211,
        6622,
        7622,
        8622,
        10038,
        11038,
        12047,
        13047,
        14458,
        15458,
        16458,
        17472,
        18472,
        19481,
        20481,
        21691,
        22691,
        23691,
        24906,
        25906,
        28522,
        29727,
        31535,
        33343,
        34343,
        35343,
        36558,
        37558,
        38558,
        39974,
        41581,
        42581,
        43581,
        44997,
        45997,
        46997,
        48011,
        49011,
        50221,
        51627,
        53033,
        54033,
        55033,
        56449,
        57449,
        58458,
        60466,
        61872,
        62876,
        63880,
        65286,
        66286,
        67295,
        68299,
        69906,
        70906,
        71906,
        73322,
        74322,
        75934,
        76934,
        78546,
        79546
    ],
    "drift_idxs": [
        0,
        400,
        1203,
        2207,
        3211,
        5622,
        9038,
        11047,
        13458,
        16472,
        18481,
        20691,
        23906,
        26719,
        27522,
        28727,
        30535,
        32343,
        35558,
        38974,
        40581,
        43997,
        47011,
        49221,
        50627,
        52033,
        55449,
        57458,
        58663,
        59466,
        60872,
        61876,
        62880,
        64286,
        66295,
        67299,
        68906,
        72322,
        74934,
        77546,
        79555
    ],
    "ks_significance": 0.001,
    "percentile": 92
}