{
    "model": "OnlineEncDecAD",
    "online": true,
    "normality": 1,
    "datasets": [
        "MITDB/100.test.csv@1.out"
    ],
    "series_length": 80000,
    "window": 285,
    "AUC": 0.46355695642288175,
    "Precision": 0.008073514932720708,
    "Recall": 0.11849710982658959,
    "F": 0.015117065077121612,
    "Precision@k": 0.0,
    "Rprecision": 0.0,
    "Rrecall": 0.0,
    "Rf": 0.0,
    "ExistenceReward": 0.0,
    "OverlapReward": 0.0,
    "RAUC": 0.47135130537332953,
    "Accuracy": 0.7996625,
    "confusion_matrix": [
        [
            63850,
            15112
        ],
        [
            915,
            123
        ]
    ],
    "time": 103.63027572631836,
    "use_increm_learn": true,
    "use_drift_detect": true,
    "increm_idxs": [
        5853
    ],
    "drift_idxs": [
        0,
        570,
        1141,
        1712,
        2283,
        2854,
        3711,
        4282,
        4853,
        5996,
        6567,
        7138,
        7709,
        8280,
        9137,
        9708,
        10279,
        11136,
        11993,
        12850,
        13421,
        13992,
        14563,
        15420,
        15991,
        16562,
        17133,
        17704,
        18275,
        18846,
        19417,
        19988,
        20559,
        21130,
        21701,
        22272,
        22843,
        23414,
        23985,
        24556,
        25127,
        25698,
        26269,
        27126,
        27697,
        28268,
        28839,
        29410,
        29981,
        30552,
        31123,
        31694,
        32265,
        32836,
        33693,
        34264,
        34835,
        35406,
        35977,
        36548,
        37119,
        37976,
        38547,
        39118,
        39689,
        40260,
        40831,
        41402,
        41973,
        42544,
        43115,
        43686,
        44257,
        44828,
        45399,
        45970,
        46827,
        47398,
        47969,
        48540,
        49111,
        49682,
        50253,
        51110,
        51681,
        52252,
        52823,
        53394,
        53965,
        54536,
        55107,
        55678,
        56249,
        56820,
        57391,
        57962,
        58533,
        59104,
        59675,
        60246,
        60817,
        61388,
        61959,
        62530,
        63387,
        63958,
        64529,
        65100,
        65671,
        66242,
        66813,
        67384,
        67955,
        68526,
        69097,
        69668,
        70239,
        70810,
        71381,
        71952,
        72523,
        73094,
        73665,
        74236,
        74807,
        75378,
        75949,
        76806,
        77377,
        77948,
        78519,
        79090,
        79661
    ],
    "ks_significance": 0.001,
    "percentile": 90
}