{
    "model": "OnlineEncDecAD",
    "online": true,
    "normality": 1,
    "datasets": [
        "NAB/NAB_data_Traffic_1.out"
    ],
    "series_length": 2000,
    "window": 91,
    "AUC": 0.6086402040490994,
    "Precision": 0.19718309859154928,
    "Recall": 0.34146341463414637,
    "F": 0.25,
    "Precision@k": 0.0,
    "Rprecision": 0.0,
    "Rrecall": 0.0,
    "Rf": 0.0,
    "ExistenceReward": 0.0,
    "OverlapReward": 0.0,
    "RAUC": 0.6877843342525702,
    "Accuracy": 0.832,
    "confusion_matrix": [
        [
            1608,
            228
        ],
        [
            108,
            56
        ]
    ],
    "time": 18.061779260635376,
    "use_increm_learn": true,
    "use_drift_detect": true,
    "increm_idxs": [],
    "drift_idxs": [
        0,
        400,
        1203,
        1604
    ],
    "ks_significance": 0.001
}