{
    "model": "OnlineEncDecAD",
    "online": true,
    "normality": 1,
    "datasets": [
        "Occupancy/room-occupancy.train.csv@3.out"
    ],
    "series_length": 6515,
    "window": 125,
    "AUC": 0.6604677677457054,
    "Precision": 0.4027377521613833,
    "Recall": 0.47614991482112434,
    "F": 0.43637782982045276,
    "Precision@k": 0.0,
    "Rprecision": 0.0,
    "Rrecall": 0.0,
    "Rf": 0.0,
    "ExistenceReward": 0.0,
    "OverlapReward": 0.0,
    "RAUC": 0.6447909066447898,
    "Accuracy": 0.7783576362240983,
    "confusion_matrix": [
        [
            4512,
            829
        ],
        [
            615,
            559
        ]
    ],
    "time": 94.40406894683838,
    "use_increm_learn": true,
    "use_drift_detect": true,
    "increm_idxs": [
        3607
    ],
    "drift_idxs": [
        0,
        802,
        1203,
        1604,
        2206,
        2607,
        3611,
        4012,
        4413,
        5216,
        5617
    ],
    "ks_significance": 0.001,
    "percentile": 92
}