{
    "model": "OnlineEncDecAD",
    "online": true,
    "normality": 1,
    "datasets": [
        "OPPORTUNITY/S1-ADL1.test.csv@16.out"
    ],
    "series_length": 40536,
    "window": 35,
    "AUC": 0.7540418037772534,
    "Precision": 0.037857577601947655,
    "Recall": 0.7052154195011338,
    "F": 0.07185767097966728,
    "Precision@k": 0.0,
    "Rprecision": 0.0,
    "Rrecall": 0.0,
    "Rf": 0.0,
    "ExistenceReward": 0.0,
    "OverlapReward": 0.0,
    "RAUC": 0.7551624858236824,
    "Accuracy": 0.801805802249852,
    "confusion_matrix": [
        [
            32191,
            7904
        ],
        [
            130,
            311
        ]
    ],
    "time": 433.46759963035583,
    "use_increm_learn": true,
    "use_drift_detect": true,
    "increm_idxs": [
        1801,
        5011,
        9024,
        10028,
        11028,
        12028
    ],
    "drift_idxs": [
        0,
        400,
        801,
        2006,
        2407,
        2808,
        3209,
        3610,
        4011,
        5618,
        6019,
        6420,
        6821,
        7222,
        7623,
        8024,
        9028,
        12444,
        12845,
        13246,
        13647,
        14048,
        14449,
        14850,
        15251,
        15652,
        16053,
        16454,
        16855,
        17256,
        17858,
        18259,
        18660,
        19061,
        19462,
        19863,
        20465,
        21067,
        21870,
        22271,
        22672,
        23274,
        23675,
        24076,
        24477,
        24878,
        25279,
        25680,
        26081,
        26482,
        26883,
        27284,
        27685,
        28086,
        28487,
        28888,
        29289,
        29690,
        30091,
        30492,
        30893,
        31294,
        31896,
        32297,
        32899,
        33300,
        33701,
        34102,
        34503,
        34904,
        35305,
        36108,
        36911,
        37312,
        37914,
        38315,
        38716,
        39117,
        39518,
        39919,
        40320
    ],
    "ks_significance": 0.001
}