{
    "model": "OnlineEncDecAD",
    "online": true,
    "normality": 1,
    "datasets": [
        "SensorScope/stb-2.test.out"
    ],
    "series_length": 23643,
    "window": 13,
    "AUC": 0.7922677791598195,
    "Precision": 0.36636045494313213,
    "Recall": 0.7204301075268817,
    "F": 0.48571842830216044,
    "Precision@k": 0.0,
    "Rprecision": 0.0,
    "Rrecall": 0.0,
    "Rf": 0.0,
    "ExistenceReward": 0.0,
    "OverlapReward": 0.0,
    "RAUC": 0.7974553147670574,
    "Accuracy": 0.849976737300681,
    "confusion_matrix": [
        [
            18421,
            2897
        ],
        [
            650,
            1675
        ]
    ],
    "time": 188.06704545021057,
    "use_increm_learn": true,
    "use_drift_detect": true,
    "increm_idxs": [
        10624,
        11624,
        12624,
        13624,
        14624,
        15624,
        16624,
        17624,
        18624,
        20070,
        21070,
        22079,
        23079
    ],
    "drift_idxs": [
        0,
        400,
        801,
        1202,
        1603,
        2004,
        2405,
        2806,
        3207,
        3608,
        4009,
        4410,
        4811,
        5212,
        5613,
        6014,
        6415,
        6816,
        7418,
        7819,
        8220,
        8621,
        9223,
        9624,
        19070,
        21079
    ],
    "ks_significance": 0.001,
    "percentile": 92
}