{
    "model": "OnlineEncDecAD",
    "online": true,
    "normality": 1,
    "datasets": [
        "SMD/machine-1-1.test.csv@1.out"
    ],
    "series_length": 22784,
    "window": 279,
    "AUC": 0.7458590943574996,
    "Precision": 0.2619662852220992,
    "Recall": 0.7902746844840386,
    "F": 0.39349413178079656,
    "Precision@k": 0.0,
    "Rprecision": 0.0,
    "Rrecall": 0.0,
    "Rf": 0.0,
    "ExistenceReward": 0.0,
    "OverlapReward": 0.0,
    "RAUC": 0.7002715384685382,
    "Accuracy": 0.7119469803370787,
    "confusion_matrix": [
        [
            14092,
            5998
        ],
        [
            565,
            2129
        ]
    ],
    "time": 26.002756357192993,
    "use_increm_learn": true,
    "use_drift_detect": true,
    "increm_idxs": [],
    "drift_idxs": [
        0,
        558,
        1117,
        1676,
        2235,
        2794,
        3353,
        3912,
        4471,
        5030,
        5589,
        6148,
        6707,
        7266,
        7825,
        8384,
        8943,
        9502,
        10061,
        10620,
        11179,
        11738,
        12297,
        12856,
        13415,
        13974,
        14533,
        15092,
        15651,
        16210,
        16769,
        17328,
        17887,
        18446,
        19005,
        19564,
        20123,
        20682,
        21241,
        21800,
        22359
    ],
    "ks_significance": 0.001
}