{
    "model": "OnlineEncDecAD",
    "online": true,
    "normality": 1,
    "datasets": [
        "SMD/machine-1-1.test.csv@1.out"
    ],
    "series_length": 22784,
    "window": 279,
    "AUC": 0.746476287293667,
    "Precision": 0.2638319035185876,
    "Recall": 0.7876763177431328,
    "F": 0.3952686970289653,
    "Precision@k": 0.0,
    "Rprecision": 0.0,
    "Rrecall": 0.0,
    "Rf": 0.0,
    "ExistenceReward": 0.0,
    "OverlapReward": 0.0,
    "RAUC": 0.7013722951062924,
    "Accuracy": 0.7150193117977528,
    "confusion_matrix": [
        [
            14169,
            5921
        ],
        [
            572,
            2122
        ]
    ],
    "time": 26.34140682220459,
    "use_increm_learn": true,
    "use_drift_detect": true,
    "increm_idxs": [],
    "drift_idxs": [
        0,
        558,
        1117,
        1676,
        2235,
        2794,
        3353,
        3912,
        4471,
        5030,
        5589,
        6148,
        6707,
        7266,
        7825,
        8384,
        8943,
        9502,
        10061,
        10620,
        11179,
        11738,
        12297,
        12856,
        13415,
        13974,
        14533,
        15092,
        15651,
        16210,
        16769,
        17328,
        17887,
        18446,
        19005,
        19564,
        20123,
        20682,
        21241,
        21800,
        22359
    ],
    "ks_significance": 0.001,
    "percentile": 92
}