{
    "model": "SAND",
    "online": true,
    "normality": 1,
    "datasets": [
        "SVDB/801.test.csv@1.out"
    ],
    "series_length": 100000,
    "window": 146,
    "AUC": 0.49030041663710905,
    "Precision": 0.6691871455576559,
    "Recall": 0.024418845278333448,
    "F": 0.047118328231066146,
    "Precision@k": 0.024418845278333448,
    "Rprecision": 0.5018892619011402,
    "Rrecall": 0.02222610588969786,
    "Rf": 0.04256713145785397,
    "ExistenceReward": 0.03296703296703297,
    "OverlapReward": 0.019540874120364083,
    "RAUC": 0.6324864630554999,
    "time": 116.48979210853577
}