{
    "model": "AE-LSTM",
    "online": true,
    "normality": 1,
    "datasets": [
        "SVDB/801.test.csv@1.out"
    ],
    "series_length": 100000,
    "window": 146,
    "AUC": 0.5169184826099145,
    "Precision": 0.4307692307692308,
    "Recall": 0.07267880318495913,
    "F": 0.12437348059665657,
    "Precision@k": 0.07267880318495913,
    "Rprecision": 0.3084353741496598,
    "Rrecall": 0.2267923552050199,
    "Rf": 0.2613869988249003,
    "ExistenceReward": 0.9253731343283582,
    "OverlapReward": 0.052147160424185296,
    "RAUC": 0.5738796111660149,
    "Accuracy": 0.7053030303030303,
    "confusion_matrix": [
        [
            67753,
            2738
        ],
        [
            26437,
            2072
        ]
    ],
    "time": 3033.0706787109375
}