{
    "model": "EncDec-AD-Batch",
    "online": true,
    "normality": 1,
    "datasets": [
        "SVDB/801.test.csv@1.out"
    ],
    "series_length": 80000,
    "window": 146,
    "AUC": 0.7460972021624771,
    "Precision": 0.7518891687657431,
    "Recall": 0.026350635593220338,
    "F": 0.05091684434968017,
    "Precision@k": 0.026350635593220338,
    "Rprecision": 0.6456692913385826,
    "Rrecall": 0.16885777363871446,
    "Rf": 0.2677044968305833,
    "ExistenceReward": 0.7416267942583732,
    "OverlapReward": 0.025665518483799776,
    "RAUC": 0.8437449398026464,
    "time": 325.60989260673523
}