{
    "model": "OnlineEncDecAD",
    "online": true,
    "normality": 1,
    "datasets": [
        "SVDB/801.test.csv@1.out"
    ],
    "series_length": 80000,
    "window": 146,
    "AUC": 0.544692672851369,
    "Precision": 0.3599781897491821,
    "Recall": 0.18396121266161392,
    "F": 0.24349044773917536,
    "Precision@k": 0.0,
    "Rprecision": 0.0,
    "Rrecall": 0.0,
    "Rf": 0.0,
    "ExistenceReward": 0.0,
    "OverlapReward": 0.0,
    "RAUC": 0.5722993101662133,
    "Accuracy": 0.7436,
    "confusion_matrix": [
        [
            56187,
            5869
        ],
        [
            14643,
            3301
        ]
    ],
    "time": 1196.4504470825195,
    "use_increm_learn": true,
    "use_drift_detect": true,
    "increm_idxs": [
        1802,
        4413,
        5413,
        6413,
        7427,
        8632,
        9632,
        11244,
        13453,
        14859,
        15859,
        18876,
        19880,
        21085,
        22085,
        23085,
        24085,
        25707,
        26711,
        27711,
        29322,
        32534,
        33538,
        37953,
        41364,
        42569,
        45580,
        51398,
        53004,
        54004,
        59828,
        60832,
        61832,
        68661,
        73076,
        74076,
        75085,
        77093,
        78093
    ],
    "drift_idxs": [
        0,
        802,
        2610,
        3413,
        6427,
        7632,
        10244,
        11851,
        12453,
        13859,
        16471,
        17274,
        17876,
        18880,
        20085,
        24707,
        25711,
        27921,
        28322,
        29929,
        30732,
        31133,
        31534,
        32538,
        33542,
        34345,
        34947,
        35750,
        36151,
        36552,
        36953,
        38359,
        38760,
        39161,
        39562,
        39963,
        40364,
        41569,
        43176,
        43577,
        43978,
        44580,
        45584,
        45985,
        46587,
        46988,
        47791,
        48393,
        48794,
        49195,
        49596,
        49997,
        50398,
        51603,
        52004,
        54214,
        54615,
        55418,
        55819,
        56421,
        56822,
        57625,
        58026,
        58427,
        58828,
        59832,
        62645,
        63046,
        63648,
        64250,
        65053,
        65655,
        66056,
        66457,
        66858,
        67661,
        69268,
        69870,
        70271,
        70873,
        71274,
        71675,
        72076,
        74085,
        75491,
        76093,
        78906,
        79709
    ],
    "ks_significance": 0.001
}