{
    "model": "OnlineEncDecAD",
    "online": true,
    "normality": 1,
    "datasets": [
        "YAHOO/Yahoo_A1real_1_data.out"
    ],
    "series_length": 1136,
    "window": 48,
    "AUC": 0.9488536155202822,
    "Precision": 0.01694915254237288,
    "Recall": 1.0,
    "F": 0.03333333333333333,
    "Precision@k": 0.0,
    "Rprecision": 0.0,
    "Rrecall": 0.0,
    "Rf": 0.0,
    "ExistenceReward": 0.0,
    "OverlapReward": 0.0,
    "RAUC": 0.9598111404834634,
    "Accuracy": 0.897887323943662,
    "confusion_matrix": [
        [
            1018,
            116
        ],
        [
            0,
            2
        ]
    ],
    "time": 8.648337125778198,
    "use_increm_learn": true,
    "use_drift_detect": true,
    "increm_idxs": [
        999
    ],
    "drift_idxs": [
        0,
        1003
    ],
    "ks_significance": 0.001
}