{
    "model": "OnlineEncDecAD",
    "online": true,
    "normality": 1,
    "datasets": [
        "YAHOO/Yahoo_A1real_1_data.out"
    ],
    "series_length": 1136,
    "window": 48,
    "AUC": 0.9598765432098765,
    "Precision": 0.021505376344086023,
    "Recall": 1.0,
    "F": 0.04210526315789474,
    "Precision@k": 0.0,
    "Rprecision": 0.0009765625,
    "Rrecall": 1.0,
    "Rf": 0.001951219512195122,
    "ExistenceReward": 1.0,
    "OverlapReward": 1.0,
    "RAUC": 0.9701663067601775,
    "Accuracy": 0.9198943661971831,
    "confusion_matrix": [
        [
            1043,
            91
        ],
        [
            0,
            2
        ]
    ],
    "time": 9.194575309753418,
    "use_increm_learn": true,
    "use_drift_detect": true,
    "increm_idxs": [
        999
    ],
    "drift_idxs": [
        0,
        1003
    ],
    "ks_significance": 0.001,
    "percentile": 92
}