{
    "model": "EncDec-AD",
    "online": false,
    "normality": 1,
    "datasets": [
        "YAHOO/Yahoo_A1real_1_data.out"
    ],
    "series_length": 1136,
    "window": 48,
    "AUC": 1.0,
    "Precision": 0.3333333333333333,
    "Recall": 1.0,
    "F": 0.5,
    "Precision@k": 1.0,
    "Rprecision": 0.3333333333333333,
    "Rrecall": 1.0,
    "Rf": 0.5,
    "ExistenceReward": 1.0,
    "OverlapReward": 1.0,
    "RAUC": 0.9685363656050628,
    "time": 6.618010759353638
}