{
    "model": "SAND",
    "online": true,
    "normality": 3,
    "datasets": [
        "ECG/MBA_ECG803_data.out",
        "OPPORTUNITY/S1-ADL1.test.csv@16.out",
        "MGAB/1.test.out"
    ],
    "series_length": 150000,
    "window": 125,
    "AUC": 0.9286878172520129,
    "Precision": 0.16393442622950818,
    "Recall": 0.00569313976658127,
    "F": 0.011004126547455298,
    "Precision@k": 0.00569313976658127,
    "Rprecision": 0.14925373134328357,
    "Rrecall": 0.027777777777777776,
    "Rf": 0.04683840749414519,
    "ExistenceReward": 0.027777777777777776,
    "OverlapReward": 0.027777777777777776,
    "RAUC": 0.9390688903440824,
    "time": 226.70881366729736
}