{
    "model": "OnlineEncDecAD",
    "online": true,
    "normality": 3,
    "datasets": [
        "GHL/01_Lev_fault_Temp_corr_seed_11_vars_23.test.csv@4.out",
        "ECG/MBA_ECG803_data.out",
        "SensorScope/stb-2.test.out"
    ],
    "series_length": 119553,
    "window": 125,
    "AUC": 0.65367312376116,
    "Precision": 0.14957470710961324,
    "Recall": 0.44764649375600385,
    "F": 0.22422711415854688,
    "Precision@k": 0.0,
    "Rprecision": 0.0,
    "Rrecall": 0.0,
    "Rf": 0.0,
    "ExistenceReward": 0.0,
    "OverlapReward": 0.0,
    "RAUC": 0.6292477057043019,
    "Accuracy": 0.8381721914130135,
    "confusion_matrix": [
        [
            97410,
            15897
        ],
        [
            3450,
            2796
        ]
    ],
    "time": 1497.5079145431519,
    "use_increm_learn": true,
    "use_drift_detect": true,
    "increm_idxs": [
        1400,
        2605,
        8423,
        9427,
        14844,
        22868,
        31294,
        32298,
        39118,
        48746,
        53761,
        73222,
        79644,
        86266,
        87270,
        90079,
        106522,
        107522,
        108522,
        109522,
        110522,
        111522,
        112522,
        113522,
        114522,
        116369,
        117369,
        118369,
        119369
    ],
    "drift_idxs": [
        0,
        400,
        1605,
        2609,
        3412,
        4215,
        4616,
        5017,
        5418,
        5819,
        6220,
        6621,
        7022,
        7423,
        8427,
        9431,
        10234,
        10836,
        11438,
        11839,
        12240,
        12641,
        13042,
        13443,
        13844,
        14848,
        15249,
        16052,
        16855,
        17457,
        17858,
        18259,
        18660,
        19061,
        19462,
        19863,
        20264,
        20665,
        21066,
        21467,
        21868,
        22872,
        23273,
        23875,
        24678,
        25481,
        26083,
        26484,
        26885,
        27286,
        27687,
        28088,
        28489,
        28890,
        29291,
        29692,
        30294,
        31298,
        32302,
        32703,
        33305,
        33907,
        34509,
        34910,
        35311,
        35712,
        36113,
        36514,
        36915,
        37316,
        37717,
        38118,
        39122,
        39523,
        40125,
        40526,
        41128,
        41529,
        42131,
        42532,
        42933,
        43535,
        43936,
        44337,
        44738,
        45139,
        45540,
        45941,
        46342,
        46743,
        47345,
        47746,
        48951,
        49352,
        49753,
        50154,
        50555,
        50956,
        51357,
        51758,
        52159,
        52761,
        53765,
        54166,
        54768,
        55169,
        55570,
        55971,
        56573,
        56974,
        57375,
        57776,
        58378,
        58980,
        59381,
        59782,
        60585,
        60986,
        61588,
        62190,
        62591,
        62992,
        63594,
        63995,
        64597,
        65400,
        66203,
        66604,
        67005,
        67808,
        68209,
        68610,
        69212,
        69814,
        70416,
        71018,
        71419,
        72222,
        74030,
        74632,
        75234,
        76037,
        76438,
        76839,
        77240,
        77641,
        78243,
        78644,
        79648,
        80250,
        80651,
        81454,
        82056,
        82457,
        82858,
        83460,
        84263,
        84664,
        85266,
        86270,
        87274,
        87675,
        88076,
        88477,
        89079,
        90083,
        90484,
        90885,
        91286,
        91687,
        92088,
        92489,
        92890,
        93291,
        93692,
        94093,
        94494,
        94895,
        95296,
        95697,
        96098,
        96499,
        96900,
        97301,
        97702,
        98103,
        98504,
        98905,
        99306,
        99707,
        100108,
        100509,
        100910,
        101311,
        101712,
        102113,
        102514,
        102915,
        103316,
        103717,
        104118,
        104519,
        105121,
        105522,
        114968,
        115369
    ],
    "ks_significance": 0.001,
    "percentile": 92
}