{
    "model": "OnlineEncDecAD",
    "online": true,
    "normality": 3,
    "datasets": [
        "IOPS/KPI-1c6d7a26-1f1a-3321-bb4d-7a9d969ec8f0.test.out",
        "SMD/machine-1-1.test.csv@1.out",
        "SensorScope/stb-2.test.out"
    ],
    "series_length": 98032,
    "window": 125,
    "AUC": 0.6559976536147124,
    "Precision": 0.12305673617251904,
    "Recall": 0.6484292800240493,
    "F": 0.20685686885638938,
    "Precision@k": 0.0,
    "Rprecision": 0.0,
    "Rrecall": 0.0,
    "Rf": 0.0,
    "ExistenceReward": 0.0,
    "OverlapReward": 0.0,
    "RAUC": 0.6604060317703394,
    "Accuracy": 0.662538762852946,
    "confusion_matrix": [
        [
            60636,
            30743
        ],
        [
            2339,
            4314
        ]
    ],
    "time": 1662.249847650528,
    "use_increm_learn": true,
    "use_drift_detect": true,
    "increm_idxs": [
        85026,
        86026,
        87026,
        88026,
        89026,
        90026,
        91026,
        92026,
        93026,
        94472,
        95472,
        96481,
        97481
    ],
    "drift_idxs": [
        0,
        400,
        801,
        1202,
        2005,
        2406,
        2807,
        3208,
        3810,
        4613,
        5014,
        5415,
        5816,
        6217,
        6618,
        7019,
        7621,
        8022,
        8423,
        8824,
        9225,
        9626,
        10228,
        10629,
        11030,
        11833,
        12234,
        12635,
        13036,
        13437,
        13838,
        14239,
        14841,
        15242,
        15643,
        16245,
        16646,
        17047,
        17448,
        17849,
        18250,
        18651,
        19052,
        19453,
        19854,
        20255,
        20857,
        21258,
        21659,
        22060,
        22461,
        23063,
        23464,
        23865,
        24266,
        24868,
        25470,
        25871,
        26473,
        26874,
        27476,
        27877,
        28278,
        29081,
        29482,
        29883,
        30284,
        30685,
        31086,
        31688,
        32089,
        32691,
        33092,
        33694,
        34095,
        34496,
        34897,
        35499,
        36302,
        36703,
        37104,
        37907,
        38308,
        38709,
        39311,
        39712,
        40113,
        40514,
        40915,
        41316,
        41717,
        42118,
        42519,
        42920,
        43321,
        43722,
        44123,
        44524,
        44925,
        45326,
        45727,
        46128,
        46529,
        46930,
        47331,
        47732,
        48133,
        48735,
        49136,
        49537,
        49938,
        50540,
        50941,
        51342,
        51743,
        52144,
        52545,
        52946,
        53347,
        53748,
        54149,
        54550,
        54951,
        55352,
        55753,
        56154,
        56555,
        56956,
        57357,
        57758,
        58159,
        58560,
        58961,
        59362,
        59763,
        60164,
        60565,
        60966,
        61367,
        61768,
        62169,
        62570,
        62971,
        63372,
        63773,
        64174,
        64575,
        64976,
        65377,
        65778,
        66179,
        66580,
        66981,
        67382,
        67783,
        68184,
        68585,
        68986,
        69387,
        69788,
        70189,
        70791,
        71192,
        71593,
        71994,
        72395,
        72796,
        73197,
        73598,
        73999,
        74400,
        74801,
        75202,
        75603,
        76004,
        76405,
        76806,
        77207,
        77608,
        78009,
        78410,
        78811,
        79212,
        79814,
        80416,
        80817,
        81218,
        81619,
        82221,
        82622,
        83023,
        83625,
        84026,
        93472,
        95481
    ],
    "ks_significance": 0.001,
    "percentile": 92
}