{
    "model": "OnlineEncDecAD",
    "online": true,
    "normality": 3,
    "datasets": [
        "IOPS/KPI-1c6d7a26-1f1a-3321-bb4d-7a9d969ec8f0.test.out",
        "ECG/MBA_ECG803_data.out",
        "SMD/machine-1-1.test.csv@1.out"
    ],
    "series_length": 118479,
    "window": 125,
    "AUC": 0.6750752994678627,
    "Precision": 0.09296362048073943,
    "Recall": 0.6343010959430879,
    "F": 0.1621608336610303,
    "Precision@k": 0.0,
    "Rprecision": 0.0,
    "Rrecall": 0.0,
    "Rf": 0.0,
    "ExistenceReward": 0.0,
    "OverlapReward": 0.0,
    "RAUC": 0.6291958587965172,
    "Accuracy": 0.7122696849230665,
    "confusion_matrix": [
        [
            81090,
            32188
        ],
        [
            1902,
            3299
        ]
    ],
    "time": 1722.0344693660736,
    "use_increm_learn": true,
    "use_drift_detect": true,
    "increm_idxs": [
        48734,
        53750,
        66187,
        69197,
        73010,
        74014
    ],
    "drift_idxs": [
        0,
        400,
        801,
        1202,
        2005,
        2406,
        2807,
        3208,
        3810,
        4613,
        5014,
        5415,
        5816,
        6217,
        6618,
        7019,
        7621,
        8022,
        8423,
        8824,
        9225,
        9626,
        10228,
        10629,
        11030,
        11833,
        12234,
        12635,
        13036,
        13437,
        13838,
        14239,
        14841,
        15242,
        15643,
        16245,
        16646,
        17047,
        17448,
        17849,
        18250,
        18651,
        19052,
        19453,
        19854,
        20255,
        20857,
        21258,
        21659,
        22060,
        22461,
        23063,
        23464,
        23865,
        24266,
        24868,
        25470,
        25871,
        26473,
        26874,
        27476,
        27877,
        28278,
        29081,
        29482,
        29883,
        30284,
        30685,
        31086,
        31688,
        32089,
        32691,
        33092,
        33694,
        34095,
        34496,
        34897,
        35499,
        36302,
        36703,
        37104,
        37907,
        38308,
        38709,
        39311,
        39712,
        40113,
        40514,
        41116,
        41517,
        42119,
        42520,
        42921,
        43523,
        43924,
        44325,
        44726,
        45127,
        45729,
        46130,
        46531,
        46932,
        47333,
        47734,
        48939,
        49742,
        50143,
        50544,
        50945,
        51346,
        51747,
        52148,
        52750,
        53754,
        54155,
        54757,
        55359,
        55760,
        56563,
        56964,
        57365,
        57766,
        58368,
        58970,
        59371,
        59772,
        60575,
        60976,
        61377,
        61778,
        62179,
        62580,
        62981,
        63583,
        63984,
        64385,
        64786,
        65187,
        66191,
        66592,
        66993,
        67796,
        68197,
        69201,
        69602,
        70003,
        70404,
        71207,
        72010,
        73014,
        74018,
        74620,
        75021,
        75422,
        76024,
        76425,
        76826,
        77227,
        77628,
        78230,
        78631,
        79032,
        79634,
        80035,
        80637,
        81038,
        81439,
        82242,
        82643,
        83446,
        83847,
        84248,
        84850,
        85251,
        86054,
        86455,
        87258,
        87860,
        88462,
        88863,
        89264,
        89866,
        90267,
        90668,
        91069,
        91470,
        91871,
        92272,
        92673,
        93074,
        93475,
        93876,
        94277,
        94678,
        95079,
        95480,
        95881,
        96282,
        96683,
        97084,
        97485,
        97886,
        98287,
        98688,
        99089,
        99490,
        99891,
        100493,
        100894,
        101295,
        101696,
        102097,
        102498,
        102899,
        103300,
        103701,
        104102,
        104503,
        104904,
        105305,
        105706,
        106107,
        106508,
        106909,
        107310,
        107711,
        108112,
        108513,
        108914,
        109315,
        109716,
        110117,
        110518,
        110919,
        111320,
        111721,
        112122,
        112523,
        112924,
        113325,
        113726,
        114127,
        114528,
        114929,
        115330,
        115731,
        116132,
        116533,
        116934,
        117335,
        117736,
        118137
    ],
    "ks_significance": 0.001,
    "percentile": 92
}