{
    "model": "EncDec-AD-Batch",
    "online": true,
    "normality": 3,
    "datasets": [
        "IOPS/KPI-1c6d7a26-1f1a-3321-bb4d-7a9d969ec8f0.test.out",
        "SMD/machine-1-1.test.csv@1.out",
        "NAB/NAB_data_Traffic_1.out"
    ],
    "series_length": 64786,
    "window": 125,
    "AUC": 0.343823956487311,
    "Precision": 0.2635135135135135,
    "Recall": 0.015133876600698487,
    "F": 0.028623853211009173,
    "Precision@k": 0.015133876600698487,
    "Rprecision": 0.2709677419354839,
    "Rrecall": 0.029268292682926834,
    "Rf": 0.052830188679245285,
    "ExistenceReward": 0.11538461538461539,
    "OverlapReward": 0.00773921200750469,
    "RAUC": 0.5594166320997591,
    "time": 154.91483426094055
}