{
    "model": "OnlineEncDecAD",
    "online": true,
    "normality": 3,
    "datasets": [
        "MGAB/1.test.out",
        "OPPORTUNITY/S1-ADL1.test.csv@16.out",
        "ECG/MBA_ECG803_data.out"
    ],
    "series_length": 140000,
    "window": 49,
    "AUC": 0.6676701906366331,
    "Precision": 0.09814272993257855,
    "Recall": 0.43922573299174494,
    "F": 0.16043670392513648,
    "Precision@k": 0.0,
    "Rprecision": 0.0,
    "Rrecall": 0.0,
    "Rf": 0.0,
    "ExistenceReward": 0.0,
    "OverlapReward": 0.0,
    "RAUC": 0.6342309539298312,
    "Accuracy": 0.88465,
    "confusion_matrix": [
        [
            122308,
            14179
        ],
        [
            1970,
            1543
        ]
    ],
    "time": 846.0741450786591,
    "use_increm_learn": true,
    "use_drift_detect": true,
    "increm_idxs": [
        999,
        2405,
        3610,
        4610,
        5619,
        6824,
        7828,
        8828,
        9828,
        11043,
        12851,
        13855,
        14855,
        16467,
        17467,
        18467,
        19467,
        20467,
        21467,
        22467,
        23501,
        25108,
        26108,
        27318,
        28318,
        29318,
        30318,
        31739,
        32743,
        33743,
        34752,
        35752,
        36962,
        38167,
        39167,
        40167,
        48201,
        52213,
        54821,
        55821,
        58835,
        61044,
        62044,
        79701,
        98957,
        103772,
        122227,
        133262,
        136273,
        137277,
        138281
    ],
    "drift_idxs": [
        0,
        1405,
        2610,
        4619,
        5824,
        6828,
        10043,
        11851,
        12855,
        15467,
        22501,
        24108,
        26318,
        30739,
        31743,
        33752,
        35962,
        37167,
        40181,
        40582,
        40983,
        41384,
        41785,
        42186,
        42989,
        43591,
        43992,
        44594,
        44995,
        45396,
        45797,
        46198,
        46599,
        47201,
        48205,
        48606,
        49007,
        49609,
        50010,
        50411,
        50812,
        51213,
        52217,
        52618,
        53019,
        53420,
        53821,
        55830,
        56231,
        56632,
        57033,
        57434,
        57835,
        59643,
        60044,
        62455,
        62856,
        63257,
        63658,
        64461,
        65063,
        65464,
        65865,
        66266,
        66868,
        67269,
        67670,
        68071,
        68472,
        68873,
        69274,
        69675,
        70076,
        70477,
        71280,
        71681,
        72082,
        72483,
        73085,
        73486,
        74289,
        74891,
        75292,
        75693,
        76094,
        76495,
        76896,
        77297,
        77899,
        78300,
        78701,
        79906,
        80307,
        80708,
        81310,
        81711,
        82112,
        82513,
        82914,
        83315,
        83917,
        84318,
        84719,
        85120,
        85722,
        86123,
        86725,
        87327,
        87728,
        88129,
        88530,
        88931,
        89533,
        89934,
        90335,
        91138,
        91539,
        92141,
        92542,
        92943,
        93545,
        93946,
        94347,
        94748,
        95149,
        95550,
        95951,
        96754,
        97155,
        97556,
        97957,
        98961,
        99764,
        100165,
        100566,
        100967,
        101569,
        101970,
        102371,
        102772,
        103776,
        104177,
        104578,
        104979,
        105380,
        105781,
        106182,
        106583,
        106984,
        107385,
        107987,
        108388,
        108990,
        109391,
        109792,
        110595,
        110996,
        111598,
        111999,
        112601,
        113002,
        113604,
        114005,
        114607,
        115008,
        115409,
        116212,
        116613,
        117014,
        117817,
        118620,
        119021,
        119623,
        120024,
        120425,
        120826,
        121227,
        122231,
        123034,
        123636,
        124037,
        124639,
        125241,
        126044,
        126445,
        126846,
        127247,
        127648,
        128049,
        128450,
        129052,
        129654,
        130256,
        130858,
        131460,
        131861,
        132262,
        133467,
        134270,
        134671,
        135273,
        136277,
        137281,
        138486,
        139088
    ],
    "ks_significance": 0.001,
    "percentile": 92
}