{
    "model": "OnlineEncDecAD",
    "online": true,
    "normality": 3,
    "datasets": [
        "MGAB/1.test.out",
        "ECG/MBA_ECG803_data.out",
        "SMD/machine-1-1.test.csv@1.out"
    ],
    "series_length": 118479,
    "window": 49,
    "AUC": 0.6982548276907403,
    "Precision": 0.11450551900992306,
    "Recall": 0.6066154754873007,
    "F": 0.19264678296754828,
    "Precision@k": 0.0,
    "Rprecision": 0.0,
    "Rrecall": 0.0,
    "Rf": 0.0,
    "ExistenceReward": 0.0,
    "OverlapReward": 0.0,
    "RAUC": 0.6711323006181019,
    "Accuracy": 0.7820373230699111,
    "confusion_matrix": [
        [
            89574,
            23826
        ],
        [
            1998,
            3081
        ]
    ],
    "time": 986.4663858413696,
    "use_increm_learn": true,
    "use_drift_detect": true,
    "increm_idxs": [
        999,
        2405,
        3610,
        4610,
        5619,
        6824,
        7828,
        8828,
        9828,
        11043,
        12851,
        13855,
        14855,
        16467,
        17467,
        18467,
        19467,
        20467,
        21467,
        22467,
        23501,
        25108,
        26108,
        27318,
        28318,
        29318,
        30318,
        31739,
        32743,
        33743,
        34752,
        35752,
        36962,
        38167,
        39167,
        40167,
        52213,
        53819,
        66256,
        68865,
        73480,
        74480,
        75690,
        76690,
        78903,
        81912
    ],
    "drift_idxs": [
        0,
        1405,
        2610,
        4619,
        5824,
        6828,
        10043,
        11851,
        12855,
        15467,
        22501,
        24108,
        26318,
        30739,
        31743,
        33752,
        35962,
        37167,
        40181,
        40582,
        40983,
        41585,
        41986,
        42588,
        42989,
        43591,
        43992,
        44393,
        44794,
        45195,
        45596,
        46198,
        46599,
        47201,
        47602,
        48003,
        48605,
        49207,
        49809,
        50210,
        50611,
        51213,
        52217,
        52819,
        53823,
        54224,
        54625,
        55026,
        55427,
        55828,
        56229,
        57032,
        57835,
        58236,
        59039,
        59440,
        60042,
        60443,
        61045,
        61446,
        62048,
        62449,
        62850,
        63251,
        63652,
        64053,
        64454,
        64855,
        65256,
        66662,
        67063,
        67464,
        67865,
        69070,
        69471,
        69872,
        70675,
        71076,
        71477,
        72079,
        72480,
        74690,
        76900,
        77502,
        77903,
        78907,
        79308,
        79709,
        80110,
        80511,
        80912,
        82519,
        82920,
        83522,
        83923,
        84525,
        84926,
        85528,
        85929,
        86531,
        86932,
        87534,
        87935,
        88537,
        88938,
        89540,
        90142,
        90543,
        90944,
        91345,
        91947,
        92348,
        92749,
        93150,
        93551,
        93952,
        94353,
        94754,
        95155,
        95556,
        95957,
        96358,
        96759,
        97160,
        97561,
        97962,
        98363,
        98764,
        99165,
        99566,
        99967,
        100368,
        100769,
        101170,
        101571,
        101972,
        102373,
        102774,
        103175,
        103576,
        103977,
        104378,
        104779,
        105180,
        105581,
        105982,
        106383,
        106784,
        107185,
        107586,
        107987,
        108388,
        108789,
        109190,
        109591,
        109992,
        110393,
        110794,
        111195,
        111596,
        111997,
        112398,
        112799,
        113200,
        113601,
        114002,
        114403,
        114804,
        115205,
        115606,
        116208,
        116609,
        117010,
        117411,
        117812,
        118213
    ],
    "ks_significance": 0.001,
    "percentile": 92
}