{
    "model": "OnlineEncDecAD",
    "online": true,
    "normality": 3,
    "datasets": [
        "MGAB/1.test.out",
        "Genesis/genesis-anomalies.test.csv@1.out",
        "OPPORTUNITY/S1-ADL1.test.csv@16.out"
    ],
    "series_length": 106220,
    "window": 49,
    "AUC": 0.5150765902510743,
    "Precision": 0.014618473895582329,
    "Recall": 0.1470113085621971,
    "F": 0.026592635885447104,
    "Precision@k": 0.0,
    "Rprecision": 0.0,
    "Rrecall": 0.0,
    "Rf": 0.0,
    "ExistenceReward": 0.0,
    "OverlapReward": 0.0,
    "RAUC": 0.5073840251915548,
    "Accuracy": 0.8745622293353418,
    "confusion_matrix": [
        [
            92714,
            12268
        ],
        [
            1056,
            182
        ]
    ],
    "time": 785.1722466945648,
    "use_increm_learn": true,
    "use_drift_detect": true,
    "increm_idxs": [
        999,
        2405,
        3610,
        4610,
        5619,
        6824,
        7828,
        8828,
        9828,
        11043,
        12851,
        13855,
        14855,
        16467,
        17467,
        18467,
        19467,
        20467,
        21467,
        22467,
        23501,
        25108,
        26108,
        27318,
        28318,
        29318,
        30318,
        31739,
        32743,
        33743,
        34752,
        35752,
        36962,
        38167,
        39167,
        40167,
        64645,
        68256,
        71667,
        75078,
        77287,
        78287,
        87720,
        95945,
        102365,
        103369,
        104369
    ],
    "drift_idxs": [
        0,
        1405,
        2610,
        4619,
        5824,
        6828,
        10043,
        11851,
        12855,
        15467,
        22501,
        24108,
        26318,
        30739,
        31743,
        33752,
        35962,
        37167,
        40181,
        40582,
        40983,
        41384,
        41785,
        42186,
        42587,
        42988,
        43590,
        43991,
        44392,
        44793,
        45194,
        45595,
        45996,
        46397,
        46798,
        47199,
        47600,
        48001,
        48402,
        48803,
        49204,
        49806,
        50207,
        50608,
        51009,
        51410,
        51811,
        52212,
        52814,
        53215,
        53616,
        54017,
        54418,
        54819,
        55421,
        55822,
        56223,
        56825,
        57628,
        58029,
        58631,
        59233,
        59835,
        60236,
        60838,
        61239,
        61640,
        62041,
        62442,
        62843,
        63244,
        63645,
        64649,
        65050,
        65652,
        66053,
        66454,
        66855,
        67256,
        68461,
        68862,
        69263,
        69664,
        70065,
        70667,
        72073,
        72474,
        72875,
        73276,
        73677,
        74078,
        75886,
        76287,
        78698,
        79099,
        79500,
        79901,
        80302,
        80703,
        81104,
        81505,
        81906,
        82508,
        83110,
        83511,
        84113,
        84514,
        84915,
        85517,
        85918,
        86319,
        86720,
        87724,
        88125,
        88526,
        88927,
        89730,
        90131,
        90532,
        90933,
        91334,
        91936,
        92538,
        92939,
        93340,
        93741,
        94544,
        94945,
        95949,
        96350,
        96751,
        97152,
        97754,
        98356,
        98757,
        99158,
        99559,
        100362,
        100964,
        101365,
        102369,
        104378,
        104779,
        105180,
        105581
    ],
    "ks_significance": 0.001,
    "percentile": 92
}