{
    "model": "OnlineEncDecAD",
    "online": true,
    "normality": 3,
    "datasets": [
        "MGAB/1.test.out",
        "ECG/MBA_ECG803_data.out",
        "SensorScope/stb-2.test.out"
    ],
    "series_length": 119553,
    "window": 49,
    "AUC": 0.7282237478048679,
    "Precision": 0.23776614310645725,
    "Recall": 0.5527426160337553,
    "F": 0.3325035388295016,
    "Precision@k": 0.0,
    "Rprecision": 0.0,
    "Rrecall": 0.0,
    "Rf": 0.0,
    "ExistenceReward": 0.0,
    "OverlapReward": 0.0,
    "RAUC": 0.6969448913419913,
    "Accuracy": 0.8856155847197478,
    "confusion_matrix": [
        [
            102472,
            10919
        ],
        [
            2756,
            3406
        ]
    ],
    "time": 603.7456638813019,
    "use_increm_learn": true,
    "use_drift_detect": true,
    "increm_idxs": [
        999,
        2405,
        3610,
        4610,
        5619,
        6824,
        7828,
        8828,
        9828,
        11043,
        12851,
        13855,
        14855,
        16467,
        17467,
        18467,
        19467,
        20467,
        21467,
        22467,
        23501,
        25108,
        26108,
        27318,
        28318,
        29318,
        30318,
        31739,
        32743,
        33743,
        34752,
        35752,
        36962,
        38167,
        39167,
        40167,
        52213,
        53819,
        66256,
        68865,
        73480,
        74480,
        75690,
        76690,
        78903,
        81912,
        106581,
        107581,
        108581,
        109581,
        110581,
        111581,
        112581,
        113581,
        114581,
        116027,
        117027,
        118036,
        119036
    ],
    "drift_idxs": [
        0,
        1405,
        2610,
        4619,
        5824,
        6828,
        10043,
        11851,
        12855,
        15467,
        22501,
        24108,
        26318,
        30739,
        31743,
        33752,
        35962,
        37167,
        40181,
        40582,
        40983,
        41585,
        41986,
        42588,
        42989,
        43591,
        43992,
        44393,
        44794,
        45195,
        45596,
        46198,
        46599,
        47201,
        47602,
        48003,
        48605,
        49207,
        49809,
        50210,
        50611,
        51213,
        52217,
        52819,
        53823,
        54224,
        54625,
        55026,
        55427,
        55828,
        56229,
        57032,
        57835,
        58236,
        59039,
        59440,
        60042,
        60443,
        61045,
        61446,
        62048,
        62449,
        62850,
        63251,
        63652,
        64053,
        64454,
        64855,
        65256,
        66662,
        67063,
        67464,
        67865,
        69070,
        69471,
        69872,
        70675,
        71076,
        71477,
        72079,
        72480,
        74690,
        76900,
        77502,
        77903,
        78907,
        79308,
        79709,
        80110,
        80511,
        80912,
        82519,
        82920,
        83522,
        83923,
        84525,
        84926,
        85528,
        85929,
        86531,
        86932,
        87534,
        87935,
        88537,
        88938,
        89540,
        90142,
        90543,
        90944,
        91345,
        91746,
        92147,
        92548,
        92949,
        93350,
        93751,
        94152,
        94553,
        94954,
        95355,
        95756,
        96157,
        96558,
        96959,
        97360,
        97761,
        98162,
        98563,
        98964,
        99365,
        99766,
        100167,
        100568,
        100969,
        101370,
        101972,
        102373,
        102774,
        103175,
        103576,
        103977,
        104378,
        104779,
        105180,
        105581,
        115027,
        117036
    ],
    "ks_significance": 0.001,
    "percentile": 92
}