{
    "model": "OnlineEncDecAD",
    "online": true,
    "normality": 3,
    "datasets": [
        "MITDB/100.test.csv@1.out",
        "Occupancy/room-occupancy.train.csv@3.out",
        "SVDB/801.test.csv@1.out"
    ],
    "series_length": 98143,
    "window": 285,
    "AUC": 0.521425128381721,
    "Precision": 0.3485508908771125,
    "Recall": 0.1639568345323741,
    "F": 0.22301049489933217,
    "Precision@k": 0.0,
    "Rprecision": 0.0,
    "Rrecall": 0.0,
    "Rf": 0.0,
    "ExistenceReward": 0.0,
    "OverlapReward": 0.0,
    "RAUC": 0.5712868058392577,
    "Accuracy": 0.6763803837257879,
    "confusion_matrix": [
        [
            61824,
            8519
        ],
        [
            23242,
            4558
        ]
    ],
    "time": 314.5730197429657,
    "use_increm_learn": true,
    "use_drift_detect": true,
    "increm_idxs": [
        6710,
        15848,
        21274,
        49829,
        51544,
        52544,
        53831,
        56117,
        57117,
        58117,
        59834,
        61263,
        62406,
        63406,
        64406,
        65551,
        66551,
        67551,
        68551,
        69551,
        71840,
        72983,
        73983,
        74983,
        75983,
        76983,
        77983,
        78983,
        81274,
        82989,
        83989,
        86419,
        87419,
        89278,
        90278,
        91279,
        92994,
        93994,
        94994
    ],
    "drift_idxs": [
        0,
        570,
        1141,
        1712,
        2283,
        3140,
        3997,
        4568,
        5139,
        5710,
        6853,
        7424,
        7995,
        8566,
        9423,
        9994,
        10565,
        11136,
        11707,
        12278,
        12849,
        13706,
        14277,
        14848,
        15991,
        16562,
        17133,
        17704,
        18275,
        19132,
        19703,
        20274,
        21417,
        21988,
        22845,
        23416,
        23987,
        24558,
        25415,
        25986,
        26557,
        27128,
        27699,
        28270,
        28841,
        29412,
        29983,
        30554,
        31125,
        31696,
        32267,
        32838,
        33409,
        33980,
        34551,
        35122,
        35693,
        36264,
        37121,
        37692,
        38263,
        38834,
        39405,
        39976,
        40833,
        41404,
        41975,
        42546,
        43117,
        43974,
        44545,
        45402,
        45973,
        46830,
        47401,
        48258,
        48829,
        50544,
        52831,
        54260,
        55117,
        58834,
        60263,
        61406,
        64551,
        69698,
        70269,
        70840,
        71983,
        79132,
        79703,
        80274,
        81989,
        84848,
        85419,
        88278,
        90279,
        91994,
        95425,
        95996,
        96567,
        97424
    ],
    "ks_significance": 0.001,
    "percentile": 92
}