{
    "model": "EncDec-AD-Batch",
    "online": true,
    "normality": 3,
    "datasets": [
        "MITDB/100.test.csv@1.out",
        "Occupancy/room-occupancy.train.csv@3.out",
        "SVDB/801.test.csv@1.out"
    ],
    "series_length": 86522,
    "window": 285,
    "AUC": 0.8506325686838156,
    "Precision": 0.8393515106853353,
    "Recall": 0.049701095256796265,
    "F": 0.09384526654033123,
    "Precision@k": 0.049701095256796265,
    "Rprecision": 0.18104786445586493,
    "Rrecall": 0.07289147575466584,
    "Rf": 0.10393699543739648,
    "ExistenceReward": 0.0730593607305936,
    "OverlapReward": 0.0728495045106839,
    "RAUC": 0.9351821847608631,
    "time": 280.4264953136444
}