{
    "model": "OnlineEncDecAD",
    "online": true,
    "normality": 3,
    "datasets": [
        "NAB/NAB_data_Traffic_1.out",
        "Genesis/genesis-anomalies.test.csv@1.out",
        "YAHOO/Yahoo_A1real_1_data.out"
    ],
    "series_length": 19640,
    "window": 125,
    "AUC": 0.6623077979132346,
    "Precision": 0.04792332268370607,
    "Recall": 0.4166666666666667,
    "F": 0.08595988538681948,
    "Precision@k": 0.0,
    "Rprecision": 0.010203623472966493,
    "Rrecall": 0.6177351104180373,
    "Rf": 0.020075641563564124,
    "ExistenceReward": 1.0,
    "OverlapReward": 0.5221688880225466,
    "RAUC": 0.6667718988047417,
    "Accuracy": 0.9025458248472505,
    "confusion_matrix": [
        [
            17636,
            1788
        ],
        [
            126,
            90
        ]
    ],
    "time": 247.3731405735016,
    "use_increm_learn": true,
    "use_drift_detect": true,
    "increm_idxs": [
        19447
    ],
    "drift_idxs": [
        0,
        400,
        1203,
        1604,
        2005,
        2406,
        2807,
        3208,
        3609,
        4010,
        4411,
        4812,
        5213,
        5614,
        6015,
        6416,
        6817,
        7218,
        7619,
        8020,
        8421,
        8822,
        9424,
        9825,
        10226,
        10627,
        11028,
        11429,
        11830,
        12231,
        12632,
        13033,
        13635,
        14036,
        14437,
        14838,
        15239,
        15640,
        16041,
        16442,
        16843,
        17244,
        17645,
        18046,
        18447
    ],
    "ks_significance": 0.001,
    "percentile": 92
}