{
    "model": "OnlineEncDecAD",
    "online": true,
    "normality": 3,
    "datasets": [
        "NAB/NAB_data_Traffic_1.out",
        "SMD/machine-1-1.test.csv@1.out",
        "IOPS/KPI-1c6d7a26-1f1a-3321-bb4d-7a9d969ec8f0.test.out"
    ],
    "series_length": 80479,
    "window": 91,
    "AUC": 0.6424081530575265,
    "Precision": 0.06341884411642164,
    "Recall": 0.691434133679429,
    "F": 0.11618144150038164,
    "Precision@k": 0.0,
    "Rprecision": 0.0,
    "Rrecall": 0.0,
    "Rf": 0.0,
    "ExistenceReward": 0.0,
    "OverlapReward": 0.0,
    "RAUC": 0.6392918126944774,
    "Accuracy": 0.5971371413660707,
    "confusion_matrix": [
        [
            45926,
            31471
        ],
        [
            951,
            2131
        ]
    ],
    "time": 827.6053259372711,
    "use_increm_learn": true,
    "use_drift_detect": true,
    "increm_idxs": [
        52535,
        77004,
        78409
    ],
    "drift_idxs": [
        0,
        400,
        1203,
        1604,
        2005,
        2406,
        2807,
        3208,
        3609,
        4010,
        4411,
        4812,
        5213,
        5614,
        6015,
        6416,
        6817,
        7218,
        7619,
        8020,
        8421,
        8822,
        9223,
        9624,
        10025,
        10426,
        10827,
        11228,
        11629,
        12030,
        12431,
        12832,
        13233,
        13634,
        14035,
        14436,
        14837,
        15238,
        15639,
        16040,
        16441,
        16842,
        17243,
        17644,
        18045,
        18446,
        18847,
        19248,
        19649,
        20050,
        20451,
        20852,
        21253,
        21654,
        22055,
        22456,
        22857,
        23258,
        23659,
        24060,
        24461,
        24862,
        25263,
        25664,
        26065,
        26466,
        26867,
        27268,
        27669,
        28070,
        28471,
        28872,
        29273,
        29674,
        30075,
        30476,
        30877,
        31278,
        31679,
        32080,
        32481,
        32882,
        33283,
        33684,
        34085,
        34486,
        34887,
        35288,
        35689,
        36492,
        36893,
        37294,
        37695,
        38096,
        38497,
        38898,
        39500,
        39901,
        40302,
        40904,
        41305,
        41706,
        42308,
        42910,
        43311,
        43712,
        44314,
        45117,
        45518,
        45919,
        46320,
        46721,
        47122,
        47523,
        48125,
        48727,
        49128,
        49529,
        49930,
        50331,
        51134,
        51535,
        52539,
        52940,
        53542,
        53943,
        54344,
        54946,
        55347,
        55748,
        56149,
        56550,
        56951,
        57352,
        57954,
        58355,
        58756,
        59157,
        59558,
        59959,
        60360,
        60761,
        61162,
        61563,
        62165,
        62566,
        62967,
        63569,
        63970,
        64371,
        64772,
        65173,
        65574,
        65975,
        66376,
        66978,
        67379,
        67981,
        68382,
        68783,
        69586,
        69987,
        70388,
        70990,
        71391,
        71792,
        72193,
        72594,
        73196,
        73597,
        73998,
        74399,
        74800,
        75402,
        76004,
        77008,
        77409,
        78413,
        78814,
        79215,
        79817,
        80218
    ],
    "ks_significance": 0.001,
    "percentile": 92
}