{
    "model": "AE-LSTM",
    "online": true,
    "normality": 3,
    "datasets": [
        "NAB/NAB_data_Traffic_1.out",
        "IOPS/KPI-1c6d7a26-1f1a-3321-bb4d-7a9d969ec8f0.test.out",
        "YAHOO/Yahoo_A1real_1_data.out"
    ],
    "series_length": 53919,
    "window": 91,
    "AUC": 0.64952486943503,
    "Precision": 0.14685314685314685,
    "Recall": 0.3106508875739645,
    "F": 0.19943019943019943,
    "Precision@k": 0.0,
    "Rprecision": 0.08928571428571429,
    "Rrecall": 0.31376900831894283,
    "Rf": 0.13901382843220572,
    "ExistenceReward": 0.7391304347826086,
    "OverlapReward": 0.20742865170302632,
    "RAUC": 0.5739328612313933,
    "Accuracy": 0.9840699937640545,
    "confusion_matrix": [
        [
            51971,
            610
        ],
        [
            233,
            105
        ]
    ],
    "time": 1111.83797955513
}