{
    "model": "OnlineEncDecAD",
    "online": true,
    "normality": 3,
    "datasets": [
        "NAB/NAB_data_Traffic_1.out",
        "IOPS/KPI-1c6d7a26-1f1a-3321-bb4d-7a9d969ec8f0.test.out",
        "YAHOO/Yahoo_A1real_1_data.out"
    ],
    "series_length": 53420,
    "window": 91,
    "AUC": 0.612201849944637,
    "Precision": 0.013451327433628318,
    "Recall": 0.48717948717948717,
    "F": 0.026179813985532204,
    "Precision@k": 0.0,
    "Rprecision": 0.0,
    "Rrecall": 0.0,
    "Rf": 0.0,
    "ExistenceReward": 0.0,
    "OverlapReward": 0.0,
    "RAUC": 0.5504884612556905,
    "Accuracy": 0.7353987270685136,
    "confusion_matrix": [
        [
            39095,
            13935
        ],
        [
            200,
            190
        ]
    ],
    "time": 539.6314368247986,
    "use_increm_learn": true,
    "use_drift_detect": true,
    "increm_idxs": [
        24063,
        48533,
        49938,
        53148
    ],
    "drift_idxs": [
        0,
        400,
        1203,
        1604,
        2005,
        2607,
        3008,
        3409,
        4011,
        4412,
        4813,
        5214,
        5615,
        6016,
        6417,
        6818,
        7219,
        8022,
        8423,
        8824,
        9225,
        9626,
        10027,
        10428,
        10829,
        11230,
        11631,
        12032,
        12433,
        12834,
        13235,
        13837,
        14439,
        14840,
        15241,
        15843,
        16646,
        17047,
        17448,
        17849,
        18250,
        18651,
        19052,
        19453,
        19854,
        20255,
        20656,
        21057,
        21458,
        21859,
        22662,
        23063,
        24067,
        24468,
        25070,
        25471,
        25872,
        26474,
        26875,
        27276,
        27677,
        28078,
        28479,
        28880,
        29482,
        29883,
        30284,
        30685,
        31086,
        31487,
        31888,
        32289,
        32690,
        33091,
        33492,
        34094,
        34495,
        34896,
        35498,
        35899,
        36300,
        36701,
        37102,
        37503,
        37904,
        38506,
        38907,
        39509,
        39910,
        40311,
        41114,
        41515,
        41916,
        42518,
        42919,
        43320,
        44123,
        44725,
        45126,
        45527,
        45928,
        46329,
        46931,
        47533,
        48537,
        48938,
        49942,
        50343,
        50744,
        51346,
        51747,
        52148
    ],
    "ks_significance": 0.001,
    "percentile": 92
}