{
    "model": "EncDec-AD",
    "online": false,
    "normality": 3,
    "datasets": [
        "NAB/NAB_data_Traffic_1.out",
        "SMD/machine-1-1.test.csv@1.out",
        "IOPS/KPI-1c6d7a26-1f1a-3321-bb4d-7a9d969ec8f0.test.out"
    ],
    "series_length": 80479,
    "window": 91,
    "AUC": 0.7174104166424042,
    "Precision": 0.3088235294117647,
    "Recall": 0.00681375730045425,
    "F": 0.013333333333333334,
    "Precision@k": 0.00681375730045425,
    "Rprecision": 0.1875,
    "Rrecall": 0.020521446593776284,
    "Rf": 0.03699398595037146,
    "ExistenceReward": 0.06896551724137931,
    "OverlapReward": 0.008410428931875526,
    "RAUC": 0.6685747018443952,
    "time": 11.225064992904663
}