{
    "model": "EncDec-AD-Batch",
    "online": true,
    "normality": 3,
    "datasets": [
        "OPPORTUNITY/S1-ADL1.test.csv@16.out",
        "Genesis/genesis-anomalies.test.csv@1.out",
        "YAHOO/Yahoo_A1real_1_data.out"
    ],
    "series_length": 54120,
    "window": 35,
    "AUC": 0.9914635665145589,
    "Precision": 0.8573216520650814,
    "Recall": 0.9269282814614344,
    "F": 0.8907672301690508,
    "Precision@k": 0.9269282814614344,
    "Rprecision": 0.07570733863837312,
    "Rrecall": 0.16627850557981563,
    "Rf": 0.10404330196160712,
    "ExistenceReward": 0.16666666666666666,
    "OverlapReward": 0.16618146530810288,
    "RAUC": 0.8872241022886669,
    "time": 159.44802403450012
}