{
    "model": "OnlineEncDecAD",
    "online": true,
    "normality": 3,
    "datasets": [
        "OPPORTUNITY/S1-ADL1.test.csv@16.out",
        "Genesis/genesis-anomalies.test.csv@1.out",
        "YAHOO/Yahoo_A1real_1_data.out"
    ],
    "series_length": 57640,
    "window": 35,
    "AUC": 0.4739153013840574,
    "Precision": 0.005738880918220947,
    "Recall": 0.10547667342799188,
    "F": 0.01088549298723048,
    "Precision@k": 0.0,
    "Rprecision": 0.0,
    "Rrecall": 0.0,
    "Rf": 0.0,
    "ExistenceReward": 0.0,
    "OverlapReward": 0.0,
    "RAUC": 0.5001935212572365,
    "Accuracy": 0.8360513532269257,
    "confusion_matrix": [
        [
            48138,
            9009
        ],
        [
            441,
            52
        ]
    ],
    "time": 458.92787742614746,
    "use_increm_learn": true,
    "use_drift_detect": true,
    "increm_idxs": [
        2202,
        5412,
        8823,
        11032,
        12032,
        24074,
        36107,
        37111,
        57366
    ],
    "drift_idxs": [
        0,
        400,
        801,
        1202,
        2206,
        2607,
        3008,
        3409,
        3810,
        4412,
        5818,
        6219,
        6620,
        7021,
        7422,
        7823,
        9631,
        10032,
        12443,
        12844,
        13245,
        13646,
        14449,
        14850,
        15251,
        15652,
        16254,
        16856,
        17257,
        17658,
        18059,
        18460,
        18861,
        19463,
        20266,
        20667,
        21269,
        21670,
        22071,
        22673,
        23074,
        24279,
        24881,
        25282,
        25683,
        26084,
        26485,
        26886,
        27287,
        27889,
        28290,
        28691,
        29092,
        29493,
        29894,
        30295,
        30696,
        31097,
        31498,
        31899,
        32300,
        32701,
        33102,
        33503,
        33904,
        34305,
        34706,
        35107,
        36111,
        37316,
        37717,
        38118,
        38519,
        38920,
        39321,
        39722,
        40123,
        40524,
        40925,
        41527,
        41928,
        42329,
        42730,
        43131,
        43532,
        43933,
        44334,
        44936,
        45337,
        45738,
        46139,
        46540,
        46941,
        47342,
        47944,
        48345,
        48746,
        49147,
        49548,
        49949,
        50551,
        50952,
        51353,
        51754,
        52155,
        52556,
        53158,
        53559,
        53960,
        54361,
        54762,
        55163,
        55564,
        55965,
        56366,
        57571
    ],
    "ks_significance": 0.001,
    "percentile": 92
}