{
    "model": "OnlineEncDecAD",
    "online": true,
    "normality": 3,
    "datasets": [
        "OPPORTUNITY/S1-ADL1.test.csv@16.out",
        "Genesis/genesis-anomalies.test.csv@1.out",
        "MGAB/1.test.out"
    ],
    "series_length": 106220,
    "window": 35,
    "AUC": 0.49183796871163227,
    "Precision": 0.004494033782736712,
    "Recall": 0.10526315789473684,
    "F": 0.008620049045106637,
    "Precision@k": 0.0,
    "Rprecision": 0.0,
    "Rrecall": 0.0,
    "Rf": 0.0,
    "ExistenceReward": 0.0,
    "OverlapReward": 0.0,
    "RAUC": 0.49088848628144194,
    "Accuracy": 0.8744021841461118,
    "confusion_matrix": [
        [
            92821,
            12848
        ],
        [
            493,
            58
        ]
    ],
    "time": 878.8452250957489,
    "use_increm_learn": true,
    "use_drift_detect": true,
    "increm_idxs": [
        2202,
        5412,
        8823,
        11032,
        12032,
        24074,
        36107,
        37111,
        57366,
        58366,
        59366,
        60366,
        61366,
        62993,
        63993,
        65605,
        66605,
        67815,
        70024,
        71024,
        72024,
        74443,
        75443,
        76443,
        77457,
        78461,
        79461,
        80461,
        81461,
        83082,
        84082,
        85091,
        86091,
        87904,
        88904,
        89904,
        91320,
        92320,
        94332,
        95332,
        96743,
        97743,
        98752,
        99752,
        100962,
        101962,
        102962,
        103976,
        104976
    ],
    "drift_idxs": [
        0,
        400,
        801,
        1202,
        2206,
        2607,
        3008,
        3409,
        3810,
        4412,
        5818,
        6219,
        6620,
        7021,
        7422,
        7823,
        9631,
        10032,
        12443,
        12844,
        13245,
        13646,
        14449,
        14850,
        15251,
        15652,
        16254,
        16856,
        17257,
        17658,
        18059,
        18460,
        18861,
        19463,
        20266,
        20667,
        21269,
        21670,
        22071,
        22673,
        23074,
        24279,
        24881,
        25282,
        25683,
        26084,
        26485,
        26886,
        27287,
        27889,
        28290,
        28691,
        29092,
        29493,
        29894,
        30295,
        30696,
        31097,
        31498,
        31899,
        32300,
        32701,
        33102,
        33503,
        33904,
        34305,
        34706,
        35107,
        36111,
        37316,
        37717,
        38118,
        38519,
        38920,
        39321,
        39722,
        40123,
        40524,
        40925,
        41527,
        41928,
        42329,
        42730,
        43131,
        43532,
        43933,
        44334,
        44936,
        45337,
        45738,
        46139,
        46540,
        46941,
        47342,
        47944,
        48345,
        48746,
        49147,
        49548,
        49949,
        50551,
        50952,
        51353,
        51754,
        52155,
        52556,
        53158,
        53559,
        53960,
        54361,
        54762,
        55163,
        55564,
        55965,
        56366,
        61993,
        64605,
        66815,
        68623,
        69024,
        72239,
        73042,
        73443,
        76457,
        77461,
        81681,
        82082,
        84091,
        86904,
        90320,
        92329,
        92730,
        93332,
        95743,
        97752,
        99962,
        102976,
        105588
    ],
    "ks_significance": 0.001,
    "percentile": 92
}