{
    "model": "OnlineEncDecAD",
    "online": true,
    "normality": 3,
    "datasets": [
        "SensorScope/stb-2.test.out",
        "SMD/machine-1-1.test.csv@1.out",
        "IOPS/KPI-1c6d7a26-1f1a-3321-bb4d-7a9d969ec8f0.test.out"
    ],
    "series_length": 102122,
    "window": 13,
    "AUC": 0.7114312546768509,
    "Precision": 0.11322975517890772,
    "Recall": 0.733930955559794,
    "F": 0.19619139878145156,
    "Precision@k": 0.0,
    "Rprecision": 0.0,
    "Rrecall": 0.0,
    "Rf": 0.0,
    "ExistenceReward": 0.0,
    "OverlapReward": 0.0,
    "RAUC": 0.715827206613003,
    "Accuracy": 0.6912418479857425,
    "confusion_matrix": [
        [
            66743,
            30136
        ],
        [
            1395,
            3848
        ]
    ],
    "time": 723.6456661224365,
    "use_increm_learn": true,
    "use_drift_detect": true,
    "increm_idxs": [
        10624,
        11624,
        12624,
        13624,
        14624,
        15624,
        16624,
        17624,
        18624,
        20070,
        21070,
        22079,
        23079,
        51561,
        67008,
        92880,
        94285
    ],
    "drift_idxs": [
        0,
        400,
        801,
        1202,
        1603,
        2004,
        2405,
        2806,
        3207,
        3608,
        4009,
        4410,
        4811,
        5212,
        5613,
        6014,
        6415,
        6816,
        7418,
        7819,
        8220,
        8621,
        9223,
        9624,
        19070,
        21079,
        23691,
        24092,
        24493,
        24894,
        25496,
        25897,
        26499,
        26900,
        27301,
        27903,
        28304,
        28906,
        29307,
        29708,
        30109,
        30510,
        30911,
        31312,
        31713,
        32114,
        32515,
        32916,
        33317,
        33718,
        34119,
        34520,
        34921,
        35322,
        35723,
        36124,
        36525,
        36926,
        37327,
        37728,
        38129,
        38530,
        38931,
        39332,
        39733,
        40335,
        40736,
        41137,
        41538,
        41939,
        42340,
        42741,
        43142,
        43543,
        43944,
        44546,
        44947,
        45348,
        45749,
        46150,
        46551,
        46952,
        47353,
        47754,
        48155,
        48556,
        48957,
        49358,
        49759,
        50160,
        50561,
        51766,
        52167,
        52769,
        53170,
        53973,
        54374,
        54775,
        55176,
        55577,
        55978,
        56781,
        57182,
        57583,
        58185,
        58787,
        59188,
        59589,
        60191,
        60994,
        61395,
        61796,
        62398,
        62799,
        63200,
        64003,
        64404,
        64805,
        65206,
        65607,
        66008,
        67012,
        67413,
        67814,
        68215,
        68616,
        69017,
        69619,
        70020,
        70421,
        70822,
        71223,
        71624,
        72226,
        72627,
        73028,
        73429,
        74031,
        74633,
        75235,
        75636,
        76037,
        76639,
        77040,
        77441,
        78244,
        78645,
        79046,
        79447,
        79848,
        80249,
        80650,
        81051,
        81452,
        81853,
        82254,
        82856,
        83257,
        83658,
        84059,
        84460,
        84861,
        85463,
        85864,
        86265,
        86867,
        87268,
        87669,
        88070,
        88471,
        89073,
        89474,
        89875,
        90276,
        90677,
        91078,
        91479,
        91880,
        92884,
        93285,
        94289,
        94690,
        95091,
        95492,
        95893,
        96294,
        96695,
        97096,
        97698,
        98501,
        99103,
        99504,
        100106,
        100507,
        100908,
        101510,
        101911
    ],
    "ks_significance": 0.001,
    "percentile": 92
}