{
    "model": "OnlineEncDecAD",
    "online": true,
    "normality": 3,
    "datasets": [
        "SensorScope/stb-2.test.out",
        "ECG/MBA_ECG803_data.out",
        "MGAB/1.test.out"
    ],
    "series_length": 123643,
    "window": 13,
    "AUC": 0.7168232616401287,
    "Precision": 0.18678574131537123,
    "Recall": 0.5239915074309979,
    "F": 0.2754003236065391,
    "Precision@k": 0.0,
    "Rprecision": 0.0,
    "Rrecall": 0.0,
    "Rf": 0.0,
    "ExistenceReward": 0.0,
    "OverlapReward": 0.0,
    "RAUC": 0.7136189814671776,
    "Accuracy": 0.8949637262117548,
    "confusion_matrix": [
        [
            108188,
            10745
        ],
        [
            2242,
            2468
        ]
    ],
    "time": 642.1397116184235,
    "use_increm_learn": true,
    "use_drift_detect": true,
    "increm_idxs": [
        10624,
        11624,
        12624,
        13624,
        14624,
        15624,
        16624,
        17624,
        18624,
        20070,
        21070,
        22079,
        23079,
        25694,
        27300,
        28300,
        30713,
        32320,
        33320,
        34530,
        35530,
        36530,
        42561,
        44168,
        45774,
        46774,
        49990,
        50990,
        52401,
        54007,
        55007,
        56007,
        57007,
        58007,
        59633,
        60633,
        62244,
        64453,
        65453,
        66864,
        67864,
        68864,
        69864,
        70864,
        73695,
        74699,
        75699,
        76699,
        77699,
        78699,
        79699,
        81331,
        82737,
        83737,
        84737,
        86153,
        87153,
        88153,
        89971,
        91779,
        92779,
        93989,
        94989,
        95989,
        96989,
        98008,
        99008,
        100620,
        101620,
        102620,
        103620,
        104620,
        105620,
        106649,
        107854,
        109059,
        110059,
        111059,
        112475,
        113479,
        114483,
        115483,
        116483,
        117483,
        118483,
        119483,
        120512,
        121512,
        122512,
        123512
    ],
    "drift_idxs": [
        0,
        400,
        801,
        1202,
        1603,
        2004,
        2405,
        2806,
        3207,
        3608,
        4009,
        4410,
        4811,
        5212,
        5613,
        6014,
        6415,
        6816,
        7418,
        7819,
        8220,
        8621,
        9223,
        9624,
        19070,
        21079,
        23691,
        24092,
        24694,
        25698,
        26300,
        28309,
        28710,
        29312,
        29713,
        31320,
        33530,
        37348,
        37950,
        38552,
        38953,
        39354,
        39956,
        40558,
        40959,
        41561,
        43168,
        44172,
        44774,
        47185,
        47787,
        48188,
        48589,
        48990,
        51401,
        52606,
        53007,
        58232,
        58633,
        60843,
        61244,
        63052,
        63453,
        65864,
        71491,
        72093,
        72695,
        73699,
        80331,
        81737,
        85153,
        88971,
        90779,
        92989,
        97008,
        99620,
        105649,
        106854,
        108059,
        111475,
        112479,
        113483,
        119512
    ],
    "ks_significance": 0.001,
    "percentile": 92
}