{
    "model": "OnlineEncDecAD",
    "online": true,
    "normality": 3,
    "datasets": [
        "SensorScope/stb-2.test.out",
        "SMD/machine-1-1.test.csv@1.out",
        "ECG/MBA_ECG803_data.out"
    ],
    "series_length": 102122,
    "window": 13,
    "AUC": 0.7027618800608748,
    "Precision": 0.1843400447427293,
    "Recall": 0.6171023965141612,
    "F": 0.28387985843590463,
    "Precision@k": 0.0,
    "Rprecision": 0.0,
    "Rrecall": 0.0,
    "Rf": 0.0,
    "ExistenceReward": 0.0,
    "OverlapReward": 0.0,
    "RAUC": 0.7072991003108399,
    "Accuracy": 0.7761011339378391,
    "confusion_matrix": [
        [
            74725,
            20053
        ],
        [
            2812,
            4532
        ]
    ],
    "time": 804.5061457157135,
    "use_increm_learn": true,
    "use_drift_detect": true,
    "increm_idxs": [
        10624,
        11624,
        12624,
        13624,
        14624,
        15624,
        16624,
        17624,
        18624,
        20070,
        21070,
        22079,
        23079,
        51561,
        53167,
        54167,
        55778,
        59191,
        60797,
        61797,
        63007,
        68425,
        70432,
        72439,
        74247,
        80870,
        82476,
        83476,
        84476,
        85476,
        86476,
        88102,
        89307,
        90311,
        91311,
        92922,
        95733,
        97540,
        99146,
        101154
    ],
    "drift_idxs": [
        0,
        400,
        801,
        1202,
        1603,
        2004,
        2405,
        2806,
        3207,
        3608,
        4009,
        4410,
        4811,
        5212,
        5613,
        6014,
        6415,
        6816,
        7418,
        7819,
        8220,
        8621,
        9223,
        9624,
        19070,
        21079,
        23691,
        24092,
        24493,
        24894,
        25496,
        25897,
        26499,
        26900,
        27301,
        27903,
        28304,
        28906,
        29307,
        29708,
        30109,
        30510,
        30911,
        31312,
        31713,
        32114,
        32515,
        32916,
        33317,
        33718,
        34119,
        34520,
        34921,
        35322,
        35723,
        36124,
        36525,
        36926,
        37327,
        37728,
        38129,
        38530,
        38931,
        39332,
        39733,
        40335,
        40736,
        41137,
        41538,
        41939,
        42340,
        42741,
        43142,
        43543,
        43944,
        44546,
        44947,
        45348,
        45749,
        46150,
        46551,
        46952,
        47353,
        47754,
        48155,
        48556,
        48957,
        49358,
        49759,
        50160,
        50561,
        51766,
        52167,
        54176,
        54778,
        56586,
        57389,
        57790,
        58191,
        59396,
        59797,
        62007,
        63413,
        63814,
        64416,
        64817,
        65218,
        66021,
        66422,
        67024,
        67425,
        68429,
        69031,
        69432,
        70436,
        71038,
        71439,
        73247,
        74452,
        74853,
        75656,
        76258,
        76659,
        77060,
        77662,
        78264,
        79067,
        79870,
        81075,
        81476,
        86701,
        87102,
        88307,
        89311,
        91521,
        91922,
        93730,
        94332,
        94733,
        96139,
        96540,
        97544,
        98146,
        99351,
        100154,
        101761
    ],
    "ks_significance": 0.001,
    "percentile": 92
}