{
    "model": "OnlineEncDecAD",
    "online": true,
    "normality": 3,
    "datasets": [
        "SensorScope/stb-2.test.out",
        "ECG/MBA_ECG803_data.out",
        "GHL/01_Lev_fault_Temp_corr_seed_11_vars_23.test.csv@4.out"
    ],
    "series_length": 123643,
    "window": 13,
    "AUC": 0.6940034574710731,
    "Precision": 0.12321133412042502,
    "Recall": 0.5442219440967877,
    "F": 0.20093188031884168,
    "Precision@k": 0.0,
    "Rprecision": 0.0,
    "Rrecall": 0.0,
    "Rf": 0.0,
    "ExistenceReward": 0.0,
    "OverlapReward": 0.0,
    "RAUC": 0.6985150591888941,
    "Accuracy": 0.8321700379317875,
    "confusion_matrix": [
        [
            100283,
            18566
        ],
        [
            2185,
            2609
        ]
    ],
    "time": 710.0794286727905,
    "use_increm_learn": true,
    "use_drift_detect": true,
    "increm_idxs": [
        10624,
        11624,
        12624,
        13624,
        14624,
        15624,
        16624,
        17624,
        18624,
        20070,
        21070,
        22079,
        23079,
        25694,
        27300,
        28300,
        30713,
        32320,
        33320,
        34530,
        35530,
        36530,
        42561,
        44168,
        45774,
        46774,
        49990,
        50990,
        52401,
        54007,
        55007,
        56007,
        57007,
        58007,
        59633,
        60633,
        62244,
        64453,
        65453,
        66864,
        67864,
        68864,
        69864,
        70864,
        73695,
        75902,
        85130,
        86335,
        91752,
        93158,
        98375,
        99580,
        106602,
        114626,
        116032,
        122652
    ],
    "drift_idxs": [
        0,
        400,
        801,
        1202,
        1603,
        2004,
        2405,
        2806,
        3207,
        3608,
        4009,
        4410,
        4811,
        5212,
        5613,
        6014,
        6415,
        6816,
        7418,
        7819,
        8220,
        8621,
        9223,
        9624,
        19070,
        21079,
        23691,
        24092,
        24694,
        25698,
        26300,
        28309,
        28710,
        29312,
        29713,
        31320,
        33530,
        37348,
        37950,
        38552,
        38953,
        39354,
        39956,
        40558,
        40959,
        41561,
        43168,
        44172,
        44774,
        47185,
        47787,
        48188,
        48589,
        48990,
        51401,
        52606,
        53007,
        58232,
        58633,
        60843,
        61244,
        63052,
        63453,
        65864,
        71491,
        72093,
        72695,
        73699,
        74100,
        74501,
        74902,
        76107,
        76508,
        77311,
        77712,
        78314,
        78715,
        79116,
        79517,
        79918,
        80520,
        81122,
        81523,
        81924,
        82325,
        82927,
        83328,
        83729,
        84130,
        85335,
        86339,
        87142,
        87744,
        88346,
        88747,
        89148,
        89549,
        89950,
        90351,
        90752,
        92158,
        93162,
        93965,
        94567,
        94968,
        95771,
        96172,
        96573,
        96974,
        97375,
        98580,
        99584,
        100387,
        101190,
        101792,
        102193,
        102594,
        103196,
        103597,
        103998,
        104399,
        104800,
        105201,
        105602,
        106606,
        107409,
        107810,
        108211,
        108612,
        109013,
        109615,
        110217,
        110618,
        111019,
        111420,
        112022,
        112423,
        112824,
        113225,
        113626,
        115032,
        116036,
        116839,
        117441,
        117842,
        118444,
        118845,
        119246,
        119647,
        120048,
        120449,
        120850,
        121251,
        121652,
        122857
    ],
    "ks_significance": 0.001,
    "percentile": 92
}