{
    "model": "OnlineEncDecAD",
    "online": true,
    "normality": 3,
    "datasets": [
        "SensorScope/stb-2.test.out",
        "SMD/machine-1-1.test.csv@1.out",
        "GHL/01_Lev_fault_Temp_corr_seed_11_vars_23.test.csv@4.out"
    ],
    "series_length": 102122,
    "window": 13,
    "AUC": 0.7317517974160561,
    "Precision": 0.12344807673799364,
    "Recall": 0.7453031183420492,
    "F": 0.21181262729124237,
    "Precision@k": 0.0,
    "Rprecision": 0.0,
    "Rrecall": 0.0,
    "Rf": 0.0,
    "ExistenceReward": 0.0,
    "OverlapReward": 0.0,
    "RAUC": 0.7384894896045762,
    "Accuracy": 0.7195707095434872,
    "confusion_matrix": [
        [
            69636,
            27323
        ],
        [
            1315,
            3848
        ]
    ],
    "time": 657.1403939723969,
    "use_increm_learn": true,
    "use_drift_detect": true,
    "increm_idxs": [
        10624,
        11624,
        12624,
        13624,
        14624,
        15624,
        16624,
        17624,
        18624,
        20070,
        21070,
        22079,
        23079,
        51561,
        54370,
        63599,
        64804,
        70422,
        71627,
        77044,
        78048,
        81660,
        85071,
        86075,
        93097,
        94503,
        101123
    ],
    "drift_idxs": [
        0,
        400,
        801,
        1202,
        1603,
        2004,
        2405,
        2806,
        3207,
        3608,
        4009,
        4410,
        4811,
        5212,
        5613,
        6014,
        6415,
        6816,
        7418,
        7819,
        8220,
        8621,
        9223,
        9624,
        19070,
        21079,
        23691,
        24092,
        24493,
        24894,
        25496,
        25897,
        26499,
        26900,
        27301,
        27903,
        28304,
        28906,
        29307,
        29708,
        30109,
        30510,
        30911,
        31312,
        31713,
        32114,
        32515,
        32916,
        33317,
        33718,
        34119,
        34520,
        34921,
        35322,
        35723,
        36124,
        36525,
        36926,
        37327,
        37728,
        38129,
        38530,
        38931,
        39332,
        39733,
        40335,
        40736,
        41137,
        41538,
        41939,
        42340,
        42741,
        43142,
        43543,
        43944,
        44546,
        44947,
        45348,
        45749,
        46150,
        46551,
        46952,
        47353,
        47754,
        48155,
        48556,
        48957,
        49358,
        49759,
        50160,
        50561,
        51766,
        52167,
        52568,
        52969,
        53370,
        54575,
        54976,
        55779,
        56180,
        56782,
        57183,
        57785,
        58387,
        58989,
        59591,
        59992,
        60393,
        60794,
        61396,
        61797,
        62198,
        62599,
        63804,
        64808,
        65611,
        66213,
        66815,
        67216,
        67818,
        68219,
        68620,
        69021,
        69422,
        70627,
        71631,
        72434,
        73036,
        73437,
        74039,
        74440,
        74841,
        75242,
        75643,
        76044,
        77048,
        78052,
        78855,
        79256,
        79657,
        80259,
        80660,
        81865,
        82467,
        82868,
        83269,
        83670,
        84071,
        85075,
        86079,
        86882,
        87484,
        88086,
        88688,
        89089,
        89490,
        89891,
        90493,
        90894,
        91295,
        91696,
        92097,
        93503,
        94507,
        95310,
        95912,
        96313,
        96915,
        97316,
        97717,
        98118,
        98519,
        98920,
        99321,
        99722,
        100123,
        101328
    ],
    "ks_significance": 0.001,
    "percentile": 92
}