{
    "model": "OnlineEncDecAD",
    "online": true,
    "normality": 3,
    "datasets": [
        "SMD/machine-1-1.test.csv@1.out",
        "ECG/MBA_ECG803_data.out",
        "MGAB/1.test.out"
    ],
    "series_length": 122784,
    "window": 279,
    "AUC": 0.7789394145710469,
    "Precision": 0.18046806985199979,
    "Recall": 0.6938373695609372,
    "F": 0.28643420303990896,
    "Precision@k": 0.0,
    "Rprecision": 0.0,
    "Rrecall": 0.0,
    "Rf": 0.0,
    "ExistenceReward": 0.0,
    "OverlapReward": 0.0,
    "RAUC": 0.6772512117699891,
    "Accuracy": 0.8570009121709669,
    "confusion_matrix": [
        [
            101702,
            16003
        ],
        [
            1555,
            3524
        ]
    ],
    "time": 396.4006567001343,
    "use_increm_learn": true,
    "use_drift_detect": true,
    "increm_idxs": [
        40411,
        50476,
        52993,
        59426,
        61104,
        62223,
        65019,
        72849,
        73968,
        74968,
        75968,
        76968,
        77968,
        78968,
        79968,
        80968,
        81968,
        82968,
        83968,
        84968,
        86287,
        87287,
        88287,
        89287,
        90287,
        91287,
        92287,
        93287,
        94287,
        95287,
        96287,
        97486,
        98486,
        99486,
        100486,
        101685,
        102685,
        103685,
        104685,
        105685,
        106724,
        107724,
        108724,
        109724,
        110724,
        112323,
        113323,
        114323,
        115323,
        116323,
        117323,
        119322,
        120322,
        121322,
        122322
    ],
    "drift_idxs": [
        0,
        558,
        1117,
        1676,
        2235,
        2794,
        3353,
        3912,
        4471,
        5030,
        5589,
        6148,
        6707,
        7266,
        7825,
        8384,
        8943,
        9502,
        10061,
        10620,
        11179,
        11738,
        12297,
        12856,
        13415,
        13974,
        14533,
        15092,
        15651,
        16210,
        16769,
        17328,
        17887,
        18446,
        19005,
        19564,
        20123,
        20682,
        21241,
        21800,
        22359,
        22918,
        23477,
        24036,
        24595,
        25154,
        25713,
        26552,
        27111,
        27950,
        28509,
        29068,
        29627,
        30186,
        31025,
        31584,
        32143,
        32702,
        33261,
        33820,
        34659,
        35218,
        35777,
        36336,
        36895,
        37454,
        38293,
        38852,
        39411,
        40810,
        41369,
        41928,
        42767,
        43326,
        43885,
        44444,
        45003,
        45562,
        46121,
        46960,
        47519,
        48078,
        48637,
        49476,
        50595,
        51154,
        51993,
        53952,
        54791,
        55350,
        56189,
        56748,
        57587,
        58426,
        59545,
        60104,
        61223,
        62342,
        62901,
        63460,
        64019,
        65698,
        66257,
        66816,
        67375,
        68214,
        68773,
        69332,
        70171,
        71010,
        71849,
        72968,
        85287,
        96486,
        100685,
        105724,
        111323,
        118322
    ],
    "ks_significance": 0.001,
    "percentile": 92
}