{
    "model": "OnlineEncDecAD",
    "online": true,
    "normality": 3,
    "datasets": [
        "SMD/machine-1-1.test.csv@1.out",
        "ECG/MBA_ECG803_data.out",
        "IOPS/KPI-1c6d7a26-1f1a-3321-bb4d-7a9d969ec8f0.test.out"
    ],
    "series_length": 122784,
    "window": 279,
    "AUC": 0.7361051089598089,
    "Precision": 0.1225204593675277,
    "Recall": 0.6938775510204082,
    "F": 0.20826654453858487,
    "Precision@k": 0.0,
    "Rprecision": 0.0,
    "Rrecall": 0.0,
    "Rf": 0.0,
    "ExistenceReward": 0.0,
    "OverlapReward": 0.0,
    "RAUC": 0.6433780526585859,
    "Accuracy": 0.7747263487099296,
    "confusion_matrix": [
        [
            91486,
            26055
        ],
        [
            1605,
            3638
        ]
    ],
    "time": 162.93768978118896,
    "use_increm_learn": true,
    "use_drift_detect": true,
    "increm_idxs": [
        40411,
        50476,
        52993,
        59426,
        61104,
        62223,
        65019,
        72849
    ],
    "drift_idxs": [
        0,
        558,
        1117,
        1676,
        2235,
        2794,
        3353,
        3912,
        4471,
        5030,
        5589,
        6148,
        6707,
        7266,
        7825,
        8384,
        8943,
        9502,
        10061,
        10620,
        11179,
        11738,
        12297,
        12856,
        13415,
        13974,
        14533,
        15092,
        15651,
        16210,
        16769,
        17328,
        17887,
        18446,
        19005,
        19564,
        20123,
        20682,
        21241,
        21800,
        22359,
        22918,
        23477,
        24036,
        24595,
        25154,
        25713,
        26552,
        27111,
        27950,
        28509,
        29068,
        29627,
        30186,
        31025,
        31584,
        32143,
        32702,
        33261,
        33820,
        34659,
        35218,
        35777,
        36336,
        36895,
        37454,
        38293,
        38852,
        39411,
        40810,
        41369,
        41928,
        42767,
        43326,
        43885,
        44444,
        45003,
        45562,
        46121,
        46960,
        47519,
        48078,
        48637,
        49476,
        50595,
        51154,
        51993,
        53952,
        54791,
        55350,
        56189,
        56748,
        57587,
        58426,
        59545,
        60104,
        61223,
        62342,
        62901,
        63460,
        64019,
        65698,
        66257,
        66816,
        67375,
        68214,
        68773,
        69332,
        70171,
        71010,
        71849,
        72968,
        73527,
        74086,
        74645,
        75484,
        76043,
        76602,
        77161,
        77720,
        78279,
        79118,
        79677,
        80236,
        80795,
        81354,
        81913,
        82472,
        83311,
        83870,
        84709,
        85268,
        85827,
        86386,
        86945,
        87504,
        88063,
        88622,
        89181,
        89740,
        90299,
        90858,
        91417,
        91976,
        92535,
        93094,
        93653,
        94212,
        94771,
        95330,
        95889,
        96448,
        97007,
        97846,
        98405,
        98964,
        99523,
        100362,
        100921,
        101480,
        102039,
        102598,
        103157,
        103716,
        104275,
        104834,
        105393,
        105952,
        106511,
        107070,
        107909,
        108468,
        109027,
        109866,
        110425,
        110984,
        111543,
        112102,
        112661,
        113220,
        113779,
        114338,
        114897,
        115456,
        116015,
        116574,
        117133,
        117972,
        118531,
        119090,
        119929,
        120768,
        121327,
        122166
    ],
    "ks_significance": 0.001,
    "percentile": 92
}