{
    "model": "OnlineEncDecAD",
    "online": true,
    "normality": 3,
    "datasets": [
        "SVDB/801.test.csv@1.out",
        "Occupancy/room-occupancy.train.csv@3.out",
        "MITDB/100.test.csv@1.out"
    ],
    "series_length": 98143,
    "window": 146,
    "AUC": 0.5312702312733196,
    "Precision": 0.3030345211581292,
    "Recall": 0.19468789125380076,
    "F": 0.23706849613416095,
    "Precision@k": 0.0,
    "Rprecision": 0.0,
    "Rrecall": 0.0,
    "Rf": 0.0,
    "ExistenceReward": 0.0,
    "OverlapReward": 0.0,
    "RAUC": 0.5528909867292429,
    "Accuracy": 0.7144574753166298,
    "confusion_matrix": [
        [
            65765,
            10014
        ],
        [
            18010,
            4354
        ]
    ],
    "time": 1496.9889960289001,
    "use_increm_learn": true,
    "use_drift_detect": true,
    "increm_idxs": [
        2002,
        3407,
        4812,
        5812,
        6812,
        8027,
        9027,
        10027,
        11027,
        12027,
        14455,
        15455,
        18873,
        20480,
        24896,
        26302,
        28511,
        29511,
        31123,
        33131,
        34135,
        35139,
        36139,
        46780,
        79470
    ],
    "drift_idxs": [
        0,
        601,
        1002,
        2006,
        2407,
        3411,
        3812,
        7027,
        12051,
        12452,
        13054,
        13455,
        16067,
        16870,
        17271,
        17873,
        19480,
        20685,
        21488,
        22090,
        22692,
        23294,
        23896,
        25302,
        26909,
        27511,
        30123,
        31328,
        32131,
        33135,
        34139,
        36349,
        37152,
        37955,
        38758,
        39561,
        40163,
        40966,
        41367,
        41768,
        42370,
        42771,
        43172,
        43774,
        44175,
        44576,
        45379,
        45780,
        46784,
        47185,
        47586,
        48188,
        48991,
        49392,
        49793,
        50194,
        50595,
        50996,
        51397,
        51798,
        52199,
        52801,
        53403,
        53804,
        54205,
        54606,
        55007,
        55408,
        56010,
        56411,
        56812,
        57213,
        57614,
        58015,
        58416,
        58817,
        59218,
        59619,
        60020,
        60421,
        60822,
        61223,
        61624,
        62025,
        62426,
        62827,
        63228,
        64031,
        64633,
        65034,
        65435,
        65836,
        66237,
        66638,
        67039,
        67440,
        67841,
        68242,
        68643,
        69044,
        69445,
        69846,
        70247,
        70648,
        71049,
        71450,
        72052,
        72654,
        73055,
        73456,
        74058,
        74459,
        75262,
        75663,
        76064,
        76465,
        76866,
        77267,
        77668,
        78069,
        78470,
        79474,
        79875,
        80276,
        80677,
        81078,
        81479,
        81880,
        82281,
        82682,
        83083,
        83484,
        83885,
        84286,
        84888,
        85289,
        86092,
        86493,
        86894,
        87295,
        87696,
        88097,
        88498,
        88899,
        89300,
        89701,
        90102,
        90503,
        90904,
        91305,
        91706,
        92107,
        92508,
        92909,
        93310,
        93711,
        94112,
        94513,
        94914,
        95315,
        95716,
        96117,
        96518,
        96919,
        97320,
        97721
    ],
    "ks_significance": 0.001,
    "percentile": 92
}