{
    "model": "OnlineEncDecAD",
    "online": true,
    "normality": 3,
    "datasets": [
        "YAHOO/Yahoo_A1real_1_data.out",
        "Genesis/genesis-anomalies.test.csv@1.out",
        "OPPORTUNITY/S1-ADL1.test.csv@16.out"
    ],
    "series_length": 67356,
    "window": 125,
    "AUC": 0.5732300921220863,
    "Precision": 0.03440047723205408,
    "Recall": 0.29322033898305083,
    "F": 0.06157679302366969,
    "Precision@k": 0.0,
    "Rprecision": 0.0,
    "Rrecall": 0.0,
    "Rf": 0.0,
    "ExistenceReward": 0.0,
    "OverlapReward": 0.0,
    "RAUC": 0.6157899692770519,
    "Accuracy": 0.8434289447116812,
    "confusion_matrix": [
        [
            56464,
            9712
        ],
        [
            834,
            346
        ]
    ],
    "time": 1059.0204405784607,
    "use_increm_learn": true,
    "use_drift_detect": true,
    "increm_idxs": [
        999,
        29477,
        32486,
        36299,
        37504,
        38504,
        39714,
        65384
    ],
    "drift_idxs": [
        0,
        1003,
        1404,
        1805,
        2206,
        2607,
        3008,
        3409,
        3810,
        4211,
        4612,
        5013,
        5414,
        5815,
        6417,
        6818,
        7219,
        7620,
        8021,
        8422,
        8823,
        9224,
        9625,
        10227,
        10628,
        11029,
        11430,
        11831,
        12232,
        12633,
        13034,
        13435,
        13836,
        14237,
        14638,
        15039,
        15440,
        15841,
        16242,
        16643,
        17044,
        17445,
        17846,
        18649,
        19050,
        19451,
        19852,
        20454,
        21056,
        21457,
        21858,
        22460,
        22861,
        23262,
        24065,
        24466,
        25068,
        25469,
        25870,
        26271,
        26873,
        27274,
        27675,
        28076,
        28477,
        29481,
        29882,
        30283,
        30684,
        31085,
        31486,
        33093,
        33494,
        33895,
        34296,
        34898,
        35299,
        36504,
        38714,
        39919,
        40320,
        40721,
        41122,
        41523,
        41924,
        42325,
        42726,
        43127,
        43528,
        43929,
        44330,
        44731,
        45333,
        45734,
        46135,
        46536,
        46937,
        47338,
        47940,
        48341,
        48742,
        49344,
        49745,
        50146,
        50748,
        51149,
        51550,
        51951,
        52352,
        52753,
        53154,
        53555,
        53956,
        54357,
        54758,
        55159,
        55560,
        55961,
        56362,
        56763,
        57164,
        57565,
        57966,
        58367,
        58768,
        59169,
        59570,
        59971,
        60372,
        60773,
        61174,
        61575,
        61976,
        62377,
        62778,
        63581,
        64384,
        65589,
        65990,
        66391,
        66792,
        67193
    ],
    "ks_significance": 0.001,
    "percentile": 92
}