{
    "model": "OnlineEncDecAD",
    "online": true,
    "normality": 3,
    "datasets": [
        "YAHOO/Yahoo_A1real_1_data.out",
        "IOPS/KPI-1c6d7a26-1f1a-3321-bb4d-7a9d969ec8f0.test.out",
        "NAB/NAB_data_Traffic_1.out"
    ],
    "series_length": 53635,
    "window": 125,
    "AUC": 0.5734940502777355,
    "Precision": 0.013376813523226408,
    "Recall": 0.4258474576271186,
    "F": 0.0259388308168796,
    "Precision@k": 0.0,
    "Rprecision": 0.0,
    "Rrecall": 0.0,
    "Rf": 0.0,
    "ExistenceReward": 0.0,
    "OverlapReward": 0.0,
    "RAUC": 0.5683908284220551,
    "Accuracy": 0.7185419968304279,
    "confusion_matrix": [
        [
            38338,
            14825
        ],
        [
            271,
            201
        ]
    ],
    "time": 921.3071794509888,
    "use_increm_learn": true,
    "use_drift_detect": true,
    "increm_idxs": [
        999,
        43319,
        52747
    ],
    "drift_idxs": [
        0,
        1003,
        1404,
        1805,
        2206,
        3009,
        3410,
        3811,
        4413,
        4814,
        5215,
        6018,
        6419,
        7222,
        7623,
        8024,
        8425,
        8826,
        9227,
        9628,
        10029,
        10430,
        10831,
        11433,
        11834,
        12235,
        13038,
        13439,
        13840,
        14241,
        14642,
        15043,
        15846,
        16448,
        16849,
        17250,
        17651,
        18052,
        18654,
        19055,
        19456,
        19857,
        20258,
        20659,
        21261,
        21662,
        22063,
        22464,
        23066,
        23668,
        24270,
        24671,
        25072,
        25875,
        26276,
        26677,
        27279,
        27680,
        28081,
        28482,
        28883,
        29284,
        29685,
        30086,
        30487,
        30888,
        31289,
        31891,
        32292,
        32693,
        33094,
        33495,
        33896,
        34498,
        34899,
        35300,
        35902,
        36303,
        36704,
        37105,
        37506,
        38108,
        38509,
        38910,
        39311,
        39712,
        40113,
        40514,
        40915,
        41517,
        41918,
        42319,
        43323,
        43724,
        44125,
        44526,
        44927,
        45328,
        45729,
        46130,
        46732,
        47535,
        48137,
        48538,
        49140,
        49541,
        49942,
        50544,
        50945,
        51346,
        51747,
        52751,
        53152
    ],
    "ks_significance": 0.001,
    "percentile": 92
}