{
    "model": "EncDec-AD",
    "online": false,
    "normality": 3,
    "datasets": [
        "YAHOO/Yahoo_A1real_1_data.out",
        "IOPS/KPI-1c6d7a26-1f1a-3321-bb4d-7a9d969ec8f0.test.out",
        "NAB/NAB_data_Traffic_1.out"
    ],
    "series_length": 53635,
    "window": 125,
    "AUC": 0.8342019443240919,
    "Precision": 0.2727272727272727,
    "Recall": 0.07627118644067797,
    "F": 0.11920529801324503,
    "Precision@k": 0.07627118644067797,
    "Rprecision": 0.2761904761904762,
    "Rrecall": 0.03109756097560976,
    "Rf": 0.055900973259000286,
    "ExistenceReward": 0.125,
    "OverlapReward": 0.007621951219512195,
    "RAUC": 0.7167030306602435,
    "time": 13.82423448562622
}