{
    "model": "OnlineEncDecAD",
    "online": true,
    "normality": 3,
    "datasets": [
        "YAHOO/Yahoo_A1real_1_data.out",
        "Genesis/genesis-anomalies.test.csv@1.out",
        "NAB/NAB_data_Traffic_1.out"
    ],
    "series_length": 19855,
    "window": 125,
    "AUC": 0.6243170453738222,
    "Precision": 0.04171240395170143,
    "Recall": 0.3825503355704698,
    "F": 0.07522269877928076,
    "Precision@k": 0.0,
    "Rprecision": 0.0,
    "Rrecall": 0.0,
    "Rf": 0.0,
    "ExistenceReward": 0.0,
    "OverlapReward": 0.0,
    "RAUC": 0.6504247221686676,
    "Accuracy": 0.8588264920674893,
    "confusion_matrix": [
        [
            16938,
            2619
        ],
        [
            184,
            114
        ]
    ],
    "time": 242.18898606300354,
    "use_increm_learn": true,
    "use_drift_detect": true,
    "increm_idxs": [
        999
    ],
    "drift_idxs": [
        0,
        1003,
        1404,
        1805,
        2206,
        2607,
        3008,
        3409,
        3810,
        4211,
        4612,
        5013,
        5414,
        5815,
        6417,
        6818,
        7219,
        7620,
        8021,
        8422,
        8823,
        9224,
        9625,
        10227,
        10628,
        11029,
        11430,
        11831,
        12232,
        12633,
        13034,
        13435,
        13836,
        14237,
        14638,
        15039,
        15440,
        15841,
        16242,
        16643,
        17044,
        17445,
        18248,
        19051,
        19452
    ],
    "ks_significance": 0.001,
    "percentile": 92
}