{
    "model": "OnlineEncDecAD",
    "online": true,
    "normality": 3,
    "datasets": [
        "IOPS/KPI-1c6d7a26-1f1a-3321-bb4d-7a9d969ec8f0.test.out",
        "SMD/machine-1-1.test.csv@1.out",
        "NAB/NAB_data_Traffic_1.out"
    ],
    "series_length": 70978,
    "window": 125,
    "AUC": 0.5732458406474366,
    "Precision": 0.05917920561559579,
    "Recall": 0.5454836643177451,
    "F": 0.1067745070378382,
    "Precision@k": 0.0,
    "Rprecision": 0.0,
    "Rrecall": 0.0,
    "Rf": 0.0,
    "ExistenceReward": 0.0,
    "OverlapReward": 0.0,
    "RAUC": 0.5781598095558672,
    "Accuracy": 0.5985657527684635,
    "confusion_matrix": [
        [
            40782,
            27074
        ],
        [
            1419,
            1703
        ]
    ],
    "time": 1354.9288148880005,
    "ablation": true,
    "use_increm_learn": false,
    "use_drift_detect": true,
    "use_dynamic_thrs": true,
    "increm_idxs": [],
    "drift_idxs": [
        0,
        400,
        801,
        1202,
        2005,
        2406,
        2807,
        3208,
        3810,
        4613,
        5014,
        5415,
        5816,
        6217,
        6618,
        7019,
        7621,
        8022,
        8423,
        8824,
        9225,
        9626,
        10228,
        10629,
        11030,
        11833,
        12234,
        12635,
        13036,
        13437,
        13838,
        14239,
        14841,
        15242,
        15643,
        16245,
        16646,
        17047,
        17448,
        17849,
        18250,
        18651,
        19052,
        19453,
        19854,
        20255,
        20857,
        21258,
        21659,
        22060,
        22461,
        23063,
        23464,
        23865,
        24266,
        24868,
        25470,
        25871,
        26473,
        26874,
        27476,
        27877,
        28278,
        29081,
        29482,
        29883,
        30284,
        30685,
        31086,
        31688,
        32089,
        32691,
        33092,
        33694,
        34095,
        34496,
        34897,
        35499,
        36302,
        36703,
        37104,
        37907,
        38308,
        38709,
        39311,
        39712,
        40113,
        40514,
        40915,
        41316,
        41717,
        42118,
        42519,
        42920,
        43321,
        43722,
        44123,
        44524,
        44925,
        45326,
        45727,
        46128,
        46529,
        46930,
        47331,
        47732,
        48133,
        48735,
        49136,
        49537,
        49938,
        50540,
        50941,
        51342,
        51743,
        52144,
        52545,
        52946,
        53347,
        53748,
        54149,
        54550,
        54951,
        55352,
        55753,
        56154,
        56555,
        56956,
        57357,
        57758,
        58159,
        58560,
        58961,
        59362,
        59763,
        60164,
        60565,
        60966,
        61367,
        61768,
        62169,
        62570,
        62971,
        63372,
        63773,
        64174,
        64575,
        64976,
        65377,
        65778,
        66179,
        66580,
        66981,
        67382,
        67783,
        68184,
        68585,
        69388,
        70191,
        70592
    ],
    "ks_significance": 0.001,
    "percentile": 92
}