{
    "model": "OnlineEncDecAD",
    "online": true,
    "normality": 3,
    "datasets": [
        "MITDB/100.test.csv@1.out",
        "Occupancy/room-occupancy.train.csv@3.out",
        "SVDB/801.test.csv@1.out"
    ],
    "series_length": 98143,
    "window": 285,
    "AUC": 0.5247802471384563,
    "Precision": 0.3584647018505826,
    "Recall": 0.16931654676258992,
    "F": 0.2299968239231878,
    "Precision@k": 0.0,
    "Rprecision": 0.0,
    "Rrecall": 0.0,
    "Rf": 0.0,
    "ExistenceReward": 0.0,
    "OverlapReward": 0.0,
    "RAUC": 0.5740554703692033,
    "Accuracy": 0.6788665518681923,
    "confusion_matrix": [
        [
            61919,
            8424
        ],
        [
            23093,
            4707
        ]
    ],
    "time": 110.07218909263611,
    "ablation": true,
    "use_increm_learn": false,
    "use_drift_detect": true,
    "use_dynamic_thrs": true,
    "increm_idxs": [],
    "drift_idxs": [
        0,
        570,
        1141,
        1712,
        2283,
        3140,
        3997,
        4568,
        5139,
        5710,
        6853,
        7424,
        7995,
        8566,
        9423,
        9994,
        10565,
        11136,
        11707,
        12278,
        12849,
        13706,
        14277,
        14848,
        15991,
        16562,
        17133,
        17704,
        18275,
        19132,
        19703,
        20274,
        21417,
        21988,
        22845,
        23416,
        23987,
        24558,
        25415,
        25986,
        26557,
        27128,
        27699,
        28270,
        28841,
        29412,
        29983,
        30554,
        31125,
        31696,
        32267,
        32838,
        33409,
        33980,
        34551,
        35122,
        35693,
        36264,
        37121,
        37692,
        38263,
        38834,
        39405,
        39976,
        40833,
        41404,
        41975,
        42546,
        43117,
        43974,
        44545,
        45402,
        45973,
        46830,
        47401,
        48258,
        48829,
        52832,
        54547,
        55118,
        58835,
        60264,
        61693,
        64838,
        70271,
        70842,
        71985,
        74272,
        78275,
        79132,
        79703,
        80274,
        81989,
        85134,
        85705,
        88278,
        90279,
        91994,
        94567,
        95138,
        95995,
        96566,
        97423
    ],
    "ks_significance": 0.001,
    "percentile": 92
}