{
    "model": "OnlineEncDecAD",
    "online": true,
    "normality": 3,
    "datasets": [
        "SensorScope/stb-2.test.out",
        "ECG/MBA_ECG803_data.out",
        "GHL/01_Lev_fault_Temp_corr_seed_11_vars_23.test.csv@4.out"
    ],
    "series_length": 123643,
    "window": 13,
    "AUC": 0.7134709920494432,
    "Precision": 0.1367461779791843,
    "Recall": 0.572799332498957,
    "F": 0.22078391959798996,
    "Precision@k": 0.0,
    "Rprecision": 0.0,
    "Rrecall": 0.0,
    "Rf": 0.0,
    "ExistenceReward": 0.0,
    "OverlapReward": 0.0,
    "RAUC": 0.716321722272692,
    "Accuracy": 0.8432341499316581,
    "confusion_matrix": [
        [
            101514,
            17335
        ],
        [
            2048,
            2746
        ]
    ],
    "time": 804.0063691139221,
    "ablation": true,
    "use_increm_learn": false,
    "use_drift_detect": true,
    "use_dynamic_thrs": true,
    "increm_idxs": [],
    "drift_idxs": [
        0,
        400,
        801,
        1202,
        1603,
        2004,
        2405,
        2806,
        3207,
        3608,
        4009,
        4410,
        4811,
        5212,
        5613,
        6014,
        6415,
        6816,
        7418,
        7819,
        8220,
        8621,
        9223,
        9624,
        19070,
        21079,
        23691,
        24092,
        24694,
        25698,
        26300,
        27706,
        28509,
        28910,
        29311,
        29712,
        33530,
        34534,
        34935,
        35336,
        35938,
        36540,
        37343,
        37945,
        38547,
        38948,
        39349,
        39951,
        40553,
        40954,
        42159,
        42560,
        42961,
        43362,
        43763,
        44164,
        44967,
        45770,
        47377,
        47778,
        48179,
        48580,
        48981,
        51392,
        54004,
        56214,
        56615,
        58222,
        58623,
        60833,
        63043,
        63444,
        63845,
        65251,
        65853,
        66254,
        68062,
        68865,
        69668,
        70873,
        71676,
        72680,
        73282,
        73683,
        74084,
        74485,
        74886,
        76292,
        77296,
        77697,
        78299,
        78700,
        79302,
        79904,
        80506,
        80907,
        81308,
        81709,
        82110,
        82511,
        82912,
        83313,
        83714,
        84115,
        85320,
        86324,
        87127,
        87729,
        88331,
        88732,
        89334,
        89735,
        90136,
        90537,
        90938,
        92143,
        93147,
        93950,
        94552,
        94953,
        95354,
        95956,
        96357,
        96758,
        97159,
        97560,
        98564,
        99568,
        100371,
        100772,
        101173,
        101775,
        102176,
        103381,
        103782,
        104183,
        104584,
        104985,
        105386,
        106591,
        107595,
        108398,
        109000,
        109602,
        110003,
        110404,
        110805,
        111206,
        111607,
        112209,
        112610,
        113011,
        113412,
        113813,
        115018,
        116022,
        116825,
        117628,
        118230,
        118631,
        119032,
        119433,
        119834,
        120235,
        120636,
        121037,
        121438,
        121839,
        122843
    ],
    "ks_significance": 0.001,
    "percentile": 92
}