{
    "model": "OnlineEncDecAD",
    "online": true,
    "normality": 3,
    "datasets": [
        "SensorScope/stb-2.test.out",
        "ECG/MBA_ECG803_data.out",
        "GHL/01_Lev_fault_Temp_corr_seed_11_vars_23.test.csv@4.out"
    ],
    "series_length": 123643,
    "window": 13,
    "AUC": 0.6930043229305249,
    "Precision": 0.14717533061124993,
    "Recall": 0.5037546933667084,
    "F": 0.22779795311984155,
    "Precision@k": 0.0,
    "Rprecision": 0.0,
    "Rrecall": 0.0,
    "Rf": 0.0,
    "ExistenceReward": 0.0,
    "OverlapReward": 0.0,
    "RAUC": 0.662394296782638,
    "Accuracy": 0.8675784314518412,
    "confusion_matrix": [
        [
            104855,
            13994
        ],
        [
            2379,
            2415
        ]
    ],
    "time": 972.2070217132568,
    "ablation": true,
    "use_increm_learn": true,
    "use_drift_detect": true,
    "use_dynamic_thrs": false,
    "increm_idxs": [
        10624,
        11624,
        12624,
        13624,
        14624,
        15624,
        16624,
        17624,
        18624,
        20070,
        21070,
        22079,
        23079,
        25694,
        27301,
        28301,
        30714,
        31714,
        32714,
        34532,
        46771,
        52391,
        53797,
        55002,
        56002,
        57613,
        59621,
        60826,
        61830,
        62830,
        64040,
        65040,
        67254,
        68254,
        69254,
        72678,
        75888,
        77294,
        85118,
        86323,
        91941,
        93146,
        98563,
        99567,
        103179,
        106590,
        107594,
        114616,
        116022,
        122643
    ],
    "drift_idxs": [
        0,
        400,
        801,
        1202,
        1603,
        2004,
        2405,
        2806,
        3207,
        3608,
        4009,
        4410,
        4811,
        5212,
        5613,
        6014,
        6415,
        6816,
        7418,
        7819,
        8220,
        8621,
        9223,
        9624,
        19070,
        21079,
        23691,
        24092,
        24694,
        26301,
        28310,
        28711,
        29313,
        29714,
        33532,
        34938,
        35339,
        35941,
        36342,
        36743,
        37546,
        37947,
        38549,
        38950,
        39351,
        39953,
        40555,
        40956,
        41558,
        42160,
        42561,
        42962,
        43363,
        43764,
        44165,
        44968,
        45771,
        47378,
        47779,
        48180,
        48581,
        49183,
        49785,
        50588,
        51391,
        52797,
        54002,
        56212,
        56613,
        58220,
        58621,
        59826,
        60830,
        63040,
        65853,
        66254,
        70072,
        70875,
        71678,
        72682,
        73284,
        73685,
        74086,
        74487,
        74888,
        76294,
        77298,
        77699,
        78301,
        78702,
        79304,
        79906,
        80508,
        81110,
        81511,
        81912,
        82313,
        82915,
        83316,
        83717,
        84118,
        85323,
        86327,
        87130,
        87732,
        88334,
        88735,
        89337,
        89738,
        90139,
        90540,
        90941,
        92146,
        93150,
        93953,
        94555,
        94956,
        95357,
        95959,
        96360,
        96761,
        97162,
        97563,
        98567,
        99571,
        100374,
        100775,
        101176,
        101778,
        102179,
        103384,
        103986,
        104387,
        104788,
        105189,
        105590,
        106594,
        107598,
        108401,
        109003,
        109605,
        110006,
        110407,
        111009,
        111410,
        112012,
        112413,
        112814,
        113215,
        113616,
        115022,
        116026,
        116829,
        117632,
        118435,
        118836,
        119237,
        119638,
        120039,
        120440,
        120841,
        121242,
        121643,
        122848
    ],
    "ks_significance": 0.001,
    "percentile": 92
}