{
    "model": "OnlineEncDecAD",
    "online": true,
    "normality": 3,
    "datasets": [
        "SensorScope/stb-2.test.out",
        "ECG/MBA_ECG803_data.out",
        "GHL/01_Lev_fault_Temp_corr_seed_11_vars_23.test.csv@4.out"
    ],
    "series_length": 123643,
    "window": 13,
    "AUC": 0.5924084024640277,
    "Precision": 0.10780578746859042,
    "Recall": 0.27743012098456404,
    "F": 0.15527406456132156,
    "Precision@k": 0.0,
    "Rprecision": 0.15643745558133118,
    "Rrecall": 0.306339802136074,
    "Rf": 0.20711051975989728,
    "ExistenceReward": 1.0,
    "OverlapReward": 0.13292475267009246,
    "RAUC": 0.5943448029473182,
    "Accuracy": 0.8829614292762227,
    "confusion_matrix": [
        [
            107842,
            11007
        ],
        [
            3464,
            1330
        ]
    ],
    "time": 713.61474442482,
    "ablation": true,
    "use_increm_learn": true,
    "use_drift_detect": false,
    "use_dynamic_thrs": true,
    "increm_idxs": [
        999,
        1999,
        2999,
        3999,
        4999,
        5999,
        6999,
        7999,
        8999,
        9999,
        10999,
        11999,
        12999,
        13999,
        14999,
        15999,
        16999,
        17999,
        18999,
        19999,
        20999,
        21999,
        22999,
        23999,
        24999,
        25999,
        26999,
        27999,
        28999,
        29999,
        30999,
        31999,
        32999,
        33999,
        34999,
        35999,
        36999,
        37999,
        38999,
        39999,
        40999,
        41999,
        42999,
        43999,
        44999,
        45999,
        46999,
        47999,
        48999,
        49999,
        50999,
        51999,
        52999,
        53999,
        54999,
        55999,
        56999,
        57999,
        58999,
        59999,
        60999,
        61999,
        62999,
        63999,
        64999,
        65999,
        66999,
        67999,
        68999,
        69999,
        70999,
        71999,
        72999,
        73999,
        74999,
        75999,
        76999,
        77999,
        78999,
        79999,
        80999,
        81999,
        82999,
        83999,
        84999,
        85999,
        86999,
        87999,
        88999,
        89999,
        90999,
        91999,
        92999,
        93999,
        94999,
        95999,
        96999,
        97999,
        98999,
        99999,
        100999,
        101999,
        102999,
        103999,
        104999,
        105999,
        106999,
        107999,
        108999,
        109999,
        110999,
        111999,
        112999,
        113999,
        114999,
        115999,
        116999,
        117999,
        118999,
        119999,
        120999,
        121999,
        122999
    ],
    "drift_idxs": [
        0
    ],
    "ks_significance": 0.001,
    "percentile": 92
}