{
    "model": "OnlineEncDecAD",
    "online": true,
    "normality": 3,
    "datasets": [
        "SMD/machine-1-1.test.csv@1.out",
        "ECG/MBA_ECG803_data.out",
        "IOPS/KPI-1c6d7a26-1f1a-3321-bb4d-7a9d969ec8f0.test.out"
    ],
    "series_length": 122784,
    "window": 279,
    "AUC": 0.7443377916902939,
    "Precision": 0.12190789898598463,
    "Recall": 0.7200076292199122,
    "F": 0.2085116959871855,
    "Precision@k": 0.0,
    "Rprecision": 0.0,
    "Rrecall": 0.0,
    "Rf": 0.0,
    "ExistenceReward": 0.0,
    "OverlapReward": 0.0,
    "RAUC": 0.6492289384622912,
    "Accuracy": 0.766590109460516,
    "confusion_matrix": [
        [
            90350,
            27191
        ],
        [
            1468,
            3775
        ]
    ],
    "time": 129.24508595466614,
    "ablation": true,
    "use_increm_learn": false,
    "use_drift_detect": true,
    "use_dynamic_thrs": true,
    "increm_idxs": [],
    "drift_idxs": [
        0,
        558,
        1117,
        1676,
        2235,
        2794,
        3353,
        3912,
        4471,
        5030,
        5589,
        6148,
        6707,
        7266,
        7825,
        8384,
        8943,
        9502,
        10061,
        10620,
        11179,
        11738,
        12297,
        12856,
        13415,
        13974,
        14533,
        15092,
        15651,
        16210,
        16769,
        17328,
        17887,
        18446,
        19005,
        19564,
        20123,
        20682,
        21241,
        21800,
        22359,
        22918,
        23477,
        24036,
        24595,
        25154,
        25713,
        26552,
        27111,
        27950,
        28509,
        29068,
        29627,
        30186,
        31025,
        31584,
        32143,
        32702,
        33261,
        33820,
        34659,
        35218,
        35777,
        36336,
        36895,
        37454,
        38293,
        38852,
        39411,
        40810,
        41369,
        41928,
        42767,
        43326,
        43885,
        44444,
        45003,
        45562,
        46121,
        46960,
        47519,
        48078,
        48637,
        49476,
        50595,
        51154,
        51993,
        53952,
        54791,
        55350,
        56189,
        56748,
        57587,
        58426,
        59545,
        60104,
        61223,
        62342,
        62901,
        63460,
        64019,
        65138,
        65697,
        66256,
        66815,
        67374,
        68213,
        68772,
        69331,
        70170,
        71009,
        71848,
        72967,
        73526,
        74085,
        74644,
        75483,
        76042,
        76601,
        77160,
        77719,
        78278,
        79117,
        79676,
        80235,
        80794,
        81353,
        81912,
        82471,
        83310,
        83869,
        84708,
        85267,
        85826,
        86385,
        86944,
        87503,
        88062,
        88621,
        89180,
        89739,
        90298,
        90857,
        91416,
        91975,
        92534,
        93093,
        93652,
        94211,
        94770,
        95329,
        95888,
        96447,
        97006,
        97845,
        98404,
        98963,
        99522,
        100361,
        100920,
        101479,
        102038,
        102597,
        103156,
        103715,
        104274,
        104833,
        105392,
        105951,
        106510,
        107069,
        107908,
        108467,
        109026,
        109865,
        110424,
        110983,
        111542,
        112101,
        112660,
        113219,
        113778,
        114337,
        114896,
        115455,
        116014,
        116573,
        117132,
        117971,
        118530,
        119089,
        119928,
        120767,
        121326,
        122165
    ],
    "ks_significance": 0.001,
    "percentile": 92
}