{
    "model": "OnlineEncDecAD",
    "online": true,
    "normality": 3,
    "datasets": [
        "SMD/machine-1-1.test.csv@1.out",
        "ECG/MBA_ECG803_data.out",
        "IOPS/KPI-1c6d7a26-1f1a-3321-bb4d-7a9d969ec8f0.test.out"
    ],
    "series_length": 122784,
    "window": 279,
    "AUC": 0.5632272671192443,
    "Precision": 0.09249235114144505,
    "Recall": 0.22487125691398055,
    "F": 0.13107281823235128,
    "Precision@k": 0.0,
    "Rprecision": 0.0,
    "Rrecall": 0.0,
    "Rf": 0.0,
    "ExistenceReward": 0.0,
    "OverlapReward": 0.0,
    "RAUC": 0.568781605034598,
    "Accuracy": 0.8726869950482148,
    "confusion_matrix": [
        [
            105973,
            11568
        ],
        [
            4064,
            1179
        ]
    ],
    "time": 1165.4549729824066,
    "ablation": true,
    "use_increm_learn": true,
    "use_drift_detect": false,
    "use_dynamic_thrs": true,
    "increm_idxs": [
        999,
        1999,
        2999,
        3999,
        4999,
        5999,
        6999,
        7999,
        8999,
        9999,
        10999,
        11999,
        12999,
        13999,
        14999,
        15999,
        16999,
        17999,
        18999,
        19999,
        20999,
        21999,
        22999,
        23999,
        24999,
        25999,
        26999,
        27999,
        28999,
        29999,
        30999,
        31999,
        32999,
        33999,
        34999,
        35999,
        36999,
        37999,
        38999,
        39999,
        40999,
        41999,
        42999,
        43999,
        44999,
        45999,
        46999,
        47999,
        48999,
        49999,
        50999,
        51999,
        52999,
        53999,
        54999,
        55999,
        56999,
        57999,
        58999,
        59999,
        60999,
        61999,
        62999,
        63999,
        64999,
        65999,
        66999,
        67999,
        68999,
        69999,
        70999,
        71999,
        72999,
        73999,
        74999,
        75999,
        76999,
        77999,
        78999,
        79999,
        80999,
        81999,
        82999,
        83999,
        84999,
        85999,
        86999,
        87999,
        88999,
        89999,
        90999,
        91999,
        92999,
        93999,
        94999,
        95999,
        96999,
        97999,
        98999,
        99999,
        100999,
        101999,
        102999,
        103999,
        104999,
        105999,
        106999,
        107999,
        108999,
        109999,
        110999,
        111999,
        112999,
        113999,
        114999,
        115999,
        116999,
        117999,
        118999,
        119999,
        120999,
        121999
    ],
    "drift_idxs": [
        0
    ],
    "ks_significance": 0.001,
    "percentile": 92
}