{
    "model": "OnlineEncDecAD",
    "online": true,
    "normality": 3,
    "datasets": [
        "SVDB/801.test.csv@1.out",
        "Occupancy/room-occupancy.train.csv@3.out",
        "MITDB/100.test.csv@1.out"
    ],
    "series_length": 98143,
    "window": 146,
    "AUC": 0.5493027560805983,
    "Precision": 0.33654582588715853,
    "Recall": 0.23578071901269898,
    "F": 0.27729280605805634,
    "Precision@k": 0.0,
    "Rprecision": 0.0,
    "Rrecall": 0.0,
    "Rf": 0.0,
    "ExistenceReward": 0.0,
    "OverlapReward": 0.0,
    "RAUC": 0.5640343498218849,
    "Accuracy": 0.7199392722863577,
    "confusion_matrix": [
        [
            65384,
            10395
        ],
        [
            17091,
            5273
        ]
    ],
    "time": 1739.4981248378754,
    "ablation": true,
    "use_increm_learn": false,
    "use_drift_detect": true,
    "use_dynamic_thrs": true,
    "increm_idxs": [],
    "drift_idxs": [
        0,
        601,
        1002,
        2006,
        2407,
        3612,
        4013,
        7027,
        8031,
        8834,
        9838,
        10641,
        12449,
        13051,
        13452,
        16466,
        16867,
        17268,
        18071,
        19477,
        20682,
        21485,
        22087,
        23292,
        23894,
        25702,
        26706,
        27107,
        27508,
        30120,
        31325,
        32128,
        33132,
        33734,
        34135,
        36546,
        37148,
        37951,
        40161,
        40964,
        41365,
        41766,
        42368,
        42769,
        43170,
        43772,
        44173,
        44574,
        45377,
        45778,
        46782,
        47183,
        48187,
        48990,
        49391,
        49792,
        50193,
        50594,
        50995,
        51396,
        51797,
        52198,
        52800,
        53402,
        53803,
        54204,
        54605,
        55006,
        55407,
        56009,
        56410,
        56811,
        57413,
        57814,
        58215,
        58616,
        59218,
        59619,
        60020,
        60421,
        60822,
        61223,
        61624,
        62025,
        62426,
        62827,
        63228,
        64031,
        64633,
        65034,
        65435,
        65836,
        66237,
        66638,
        67039,
        67440,
        67841,
        68242,
        68643,
        69044,
        69445,
        69846,
        70247,
        70648,
        71049,
        71450,
        72052,
        72654,
        73055,
        73456,
        74058,
        74459,
        75262,
        75663,
        76064,
        76465,
        76866,
        77267,
        77668,
        78069,
        78470,
        79474,
        79875,
        80276,
        80677,
        81078,
        81479,
        81880,
        82281,
        82682,
        83083,
        83484,
        83885,
        84286,
        84888,
        85289,
        86092,
        86493,
        86894,
        87295,
        87696,
        88097,
        88498,
        88899,
        89300,
        89701,
        90102,
        90503,
        90904,
        91305,
        91706,
        92107,
        92508,
        92909,
        93310,
        93711,
        94112,
        94513,
        94914,
        95315,
        95716,
        96117,
        96518,
        96919,
        97320,
        97721
    ],
    "ks_significance": 0.001,
    "percentile": 92
}