{
    "model": "OnlineEncDecAD",
    "online": true,
    "normality": 3,
    "datasets": [
        "YAHOO/Yahoo_A1real_1_data.out",
        "Genesis/genesis-anomalies.test.csv@1.out",
        "OPPORTUNITY/S1-ADL1.test.csv@16.out"
    ],
    "series_length": 67356,
    "window": 125,
    "AUC": 0.684576952471888,
    "Precision": 0.07144657258064516,
    "Recall": 0.48050847457627116,
    "F": 0.12439666520403685,
    "Precision@k": 0.0,
    "Rprecision": 0.0,
    "Rrecall": 0.0,
    "Rf": 0.0,
    "ExistenceReward": 0.0,
    "OverlapReward": 0.0,
    "RAUC": 0.6877670828964206,
    "Accuracy": 0.8814953382029812,
    "confusion_matrix": [
        [
            58807,
            7369
        ],
        [
            613,
            567
        ]
    ],
    "time": 479.8476560115814,
    "ablation": true,
    "use_increm_learn": true,
    "use_drift_detect": false,
    "use_dynamic_thrs": true,
    "increm_idxs": [
        999,
        1999,
        2999,
        3999,
        4999,
        5999,
        6999,
        7999,
        8999,
        9999,
        10999,
        11999,
        12999,
        13999,
        14999,
        15999,
        16999,
        17999,
        18999,
        19999,
        20999,
        21999,
        22999,
        23999,
        24999,
        25999,
        26999,
        27999,
        28999,
        29999,
        30999,
        31999,
        32999,
        33999,
        34999,
        35999,
        36999,
        37999,
        38999,
        39999,
        40999,
        41999,
        42999,
        43999,
        44999,
        45999,
        46999,
        47999,
        48999,
        49999,
        50999,
        51999,
        52999,
        53999,
        54999,
        55999,
        56999,
        57999,
        58999,
        59999,
        60999,
        61999,
        62999,
        63999,
        64999,
        65999,
        66999
    ],
    "drift_idxs": [
        0
    ],
    "ks_significance": 0.001,
    "percentile": 92
}